Timestamp,Usia,Jenis Kelamin,Lama Mondok,Teks,Seberapa sering Anda merasakan hal berikut saat cerita yang Anda tuliskan terjadi?  [Saya merasa sulit untuk beristirahat.],Seberapa sering Anda merasakan hal berikut saat cerita yang Anda tuliskan terjadi?  [Saya cenderung menunjukkan reaksi berlebihan terhadap suatu situasi.],Seberapa sering Anda merasakan hal berikut saat cerita yang Anda tuliskan terjadi?  [Saya merasa energi saya terkuras karena terlalu cemas.],Seberapa sering Anda merasakan hal berikut saat cerita yang Anda tuliskan terjadi?  [Saya merasa gelisah.],Seberapa sering Anda merasakan hal berikut saat cerita yang Anda tuliskan terjadi?  [Saya merasa sulit untuk merasa tenang.],Seberapa sering Anda merasakan hal berikut saat cerita yang Anda tuliskan terjadi?  [Saya sulit untuk bersabar dalam menghadapi gangguan yang terjadi ketika sedang melakukan sesuatu.],Seberapa sering Anda merasakan hal berikut saat cerita yang Anda tuliskan terjadi?  [Perasaan saya mudah tergugah atau tersentuh.],Skor
25/06/2026,14,Laki-Laki,<1 Tahun,Teman yang tidak memiliki frekuensi yang sama,1,2,0,2,1,1,2,18
25/06/2026,14,Laki-Laki,>3 Tahun,Nyuci baju dan mengikuti peraturan ,2,0,1,1,0,1,1,12
25/06/2026,14,Laki-Laki,1-3 tahun,jadwal yang begitu padat dan kebiasaan di pondok yang gak pernah berubah. itu itu aja terus,1,1,0,0,1,0,1,8
25/06/2026,14,Laki-Laki,>3 Tahun,"Bosen karen tidak adanya kegiatan yang terstruktur apalagi di saat"" Jam kosong seperti sore dan malam hari. ",2,2,1,3,2,2,0,24
25/06/2026,14,Laki-Laki,1-3 tahun,"kadang bisa dari temen ntah itu bully yang biasanya berlindung di kata jokes ""jokes doang ellah"", dari itu merasa ga ga betah aja...apalagi lingkungan yang kurang dukung buat berkembang, sebenernya passion kita bukan di tahfidz tapi malah masuk pondok wkwkwk yaudah bertahan aja selama 3 tahun🤧",2,1,2,1,1,0,2,18
25/06/2026,14,Laki-Laki,>3 Tahun,"1. Jauh dari keluarga
2. Pasilitas pondok yg biasa2 saja/ minus
3. Kebanyakan aktivitas membuat jarang tidur",1,1,1,2,2,2,2,22
25/06/2026,14,Perempuan,1-3 tahun,"Sosial terutama, terkadang hafalan.",1,1,2,1,1,0,3,18
25/06/2026,14,Laki-Laki,1-3 tahun,Mau healing saat jenuh di pondok dengan jajan tapi kadang makanan kantin mahal,2,1,2,2,2,2,2,26
25/06/2026,14,Laki-Laki,1-3 tahun,ada yang mengambil pulpen saya secara tidak izin dan ada yang membuang sampah sembarangan di asrama,1,1,2,0,0,1,3,16
25/06/2026,14,Laki-Laki,1-3 tahun,Teman yang buruk di Lingkungan pesantren,2,0,1,1,1,0,1,12
25/06/2026,14,Laki-Laki,1-3 tahun,Gk bisa tidur nyenyak(berisik) ,2,2,0,0,0,0,0,8
25/06/2026,14,Laki-Laki,1-3 tahun,"Anak"" yg bandel dan susah di atur, banyak pencurian, kurangnya penekanan adab, banyak santri yg tidak bisa berubah walaupun sudah diberi tahu berkali kali, masih banyak pembullyan, banyak santri yang menormalisasikan pembullyan, kenakalan, dan banyak juga yang merasa bangga dengan apa yang tidak sepantasnya dilakukan dan terkadang juga ada santri yang melakukan hal yang tak pantas secara terang terangan di depan teman temannya, banyak geng geng an, banyak senioritas, banyak yang masih tidak peduli tentang sholat, Al Qur'an dll tentang ibadan, memang saya sudah muak dengan semuanya dan memang masih banyak lagi hal yang belum saya ucapkan tentang keluh kesah di pesantren la royba. Pondok pesantren la royba membutuhkan ustadz/ustadzah yang bisa lebih tegas untuk memajukan la royba lebih baik kedepannya ",1,1,0,1,1,2,3,18
25/06/2026,13,Laki-Laki,1-3 tahun,asramanya panas kurang kipas dan banyak baju yang ilang dan ada yg ngambil makanan tanpa izin,2,2,0,1,1,1,1,16
25/06/2026,14,Laki-Laki,1-3 tahun,Ustadz Nya rata² men jengkel kan,2,2,1,0,2,2,1,20
25/06/2026,14,Laki-Laki,>3 Tahun,Pelajaran yang susah saya fahami membuat saya tertekan di pondok serta ust yang memberikan sedikit nilai atau pelit nilai sehingga saya terus memikirkan tentang nilai,2,1,3,3,1,0,0,20
25/06/2026,12,Perempuan,1-3 tahun,paling hukuman tapi karena kesalahan ,1,0,0,0,0,1,2,8
25/06/2026,13,Perempuan,1-3 tahun,Paling hukuman tapi itu karena kesalahan kita sendiri,1,0,0,0,0,0,2,6
25/06/2026,14,Laki-Laki,>3 Tahun,"Jauh dari keluarga, terutama saat sedang menghadapi tantangan akademik, sering kali memicu rasa kesepian yang mendalam. Ketidakmampuan untuk pulang kapan saja saat merasa burnout adalah beban emosional yang nyata.",2,2,3,2,3,0,3,30
25/06/2026,14,Perempuan,1-3 tahun,"hafalan, sumpah cape tapi seru tapi setres gitu, tapi seru banget tapi setres",1,0,0,0,0,0,0,2
25/06/2026,13,Laki-Laki,>3 Tahun,Tertinggal dari yang lain baik dari hafalan pelajaran dan lain lain,1,1,0,0,0,1,2,10
25/06/2026,14,Perempuan,>3 Tahun,Pernah di ledek fisik sama temen sendiri trus juga disana temen nya pada main circle² an dan juga kyk merasa tertinggal dengan proses orang lain,2,1,1,1,2,1,2,20
25/06/2026,14,Laki-Laki,>3 Tahun,Terlalu banyak hafalan sehingga jadi beban,1,1,2,1,2,1,1,18
25/06/2026,17,Perempuan,1-3 tahun,Aturan yang ketat dan jadwal yang padat,2,1,1,1,2,1,2,20
25/06/2026,14,Laki-Laki,>3 Tahun,Saya sering dihomoin sama pegawai cuci piring ,0,0,0,0,0,0,0,0
25/06/2026,16,Perempuan,1-3 tahun,Kangen suasana rumah dan keluarga,3,1,1,1,2,1,3,24
25/06/2026,14,Perempuan,>3 Tahun,"Sejujurnya seru bangettttttttt mondok tuuh 
Dan ana sangat bersyukur bisa mondok.soalnya banyak banget kegiatan yang ga bikin boring dan selalu ana nantikan salah satunya QLS itu tu nginep di mbs itu tu adanya 2 tahun sekali beruntungnya angkatan ana dapet 2 kali pas kelas 1 sama pas kelas 3 nanti,  apalagi kalo pondok moderen kayak di LA ROYBA pokoknya the beast banget deh soalny paket komplit gitu dari mulai penerapan bahasa inggris dan arab dalam kegiatan sehari - hari ya walaupun sedikit²
😃😃. Sama ada menghafal qurannya jadi kita bisa berbahasa plus ngasih mahkota ke orang tua di akhirat kelak.
Dan alhamdulillah walaupun hafalan ana belum sampe 30 juz tapi masyaallah kerasa banget kenikmatan menghafal quran ya walau kadang kadang suka down/cape karena hafalanya nggk masuk²/males tapi lebih dominan kalau pas lagi halaqah terus ada yang ngajak ngobrol pasti keterusan atau ketiduran pas halaqoh subuh tapi saat² ana kayak gitu pasti selalu ada teman yang ngasih suport begitu juga dengan ustadzah
Tapi kadang ana kesal sama orang yang susah di ingetin ( padahal kadang ana juga sama) tapi itu lebih batu kalo di ingetin *batu nya tu ngebatu banget* padahal ana suka ngingetin "" kan kita dah jadi isla(ikatan santri la royba)ayolah turunin dulu ego kalian dulu takut adik kelas kita ngikutin, coba Nanti apa kata mereka kalo semisalnya kakak kelasnya aja gini"" 
Mungkin segitu dulu ya syuran kasiran sudah membolehkan bercerita #kapan-kapan lagi#
Bye 👋👋",1,2,1,1,3,1,3,24
25/06/2026,15,Laki-Laki,1-3 tahun,"Rasa Stres ketika Kami membangun Bisnis Londri dan Di tegur oleh pak warno dan Ngamuk² Gajelas , Seketika Itu Kami Langsung Di bawa ke kantor Dan Langsung Membuat Surat pernyataan...",2,1,0,0,0,0,0,6
25/06/2026,17,Laki-Laki,1-3 tahun,Menurut  saya selama saya mondok di pusat pendidikan Islam  mukharrikun najaah 3 tahun ini Alhamdulillah saya jarang merasakan yang namanya stress atau tertekan dan segala macam lah akan tetapi ada beberapa yang membuat saya itu kurang nyaman dalam kemarin mondok yang pertama adalah kurangnya waktu buat menghafal Alquran ya saya harap bisa ditambahkan lagi waktu untuk menghafal alqurannya dan yang kedua adalah kurangnya fasilitas olahraga saya sebagai penghobi olahraga itu sangat kecewa pas pertama kali datang tidak ada lapangan sama sekali dan sangat kaget dan jalannya waktu lapangan udah jadi tapi lapanganya nggak bagus membuat kaki rusak nggak halus dan kasar-kasar jadi kurang mengenakan lah jadi nggak betah gitu ya Saya harap kedepannya bisa lebih baik lagi lah ya yang ketiga adalah soal musytif yaa musyrif itu kurang galak menurut saya dan peraturannya kurang ketat di pondok kita jadi santrinya tuh pada bandel-bandel-remehin gtu jadi lebih galak lagi supaya santrinya pada nurut nurut sekian dan terima kasih assalamualaikum warahmatullahi wabarakatuh,0,0,0,0,0,0,0,0
25/06/2026,14,Laki-Laki,>3 Tahun,"Seru seru aja, tekanannya masih ok, stress nya juga bukan yang gk ada jalan keluarnya. Paling peraturan gk boleh belanja di luar pondok. ",0,1,1,0,0,0,1,6
25/06/2026,13,Laki-Laki,1-3 tahun,"Tidak target hafalan boros uang 
",0,1,0,0,0,0,1,4
25/06/2026,16,Laki-Laki,1-3 tahun,"Penggunaan hp dibatasi,jadinya kudet",2,0,0,1,2,1,0,12
25/06/2026,14,Laki-Laki,>3 Tahun,Iya enjoy aja krna d pondok pesantren emng hrus bisa mngikuti smuany trutama dlam pljaran agama,0,1,0,0,0,1,3,10
25/06/2026,15,Laki-Laki,>3 Tahun,Yang paling berat atau sering membuat ku tertekan adalah teman asrama atau rasa kangen yang membebani pikiran sya selama di pondok,2,1,0,0,1,1,0,10
25/06/2026,15,Laki-Laki,1-3 tahun,Tidak ada sama sekali sekali lagi tidak adaaa,0,0,0,0,0,0,0,0
25/06/2026,14,Laki-Laki,1-3 tahun,"Hafalan,dan tertekan kepada ustadz yang main tangan atau fisik",2,2,2,1,2,1,0,20
25/06/2026,15,Laki-Laki,1-3 tahun,jadwal belajar yg sangat padat,3,0,2,2,1,0,0,16
26/06/2026,14,Laki-Laki,1-3 tahun,"saya berat untuk menghafal alquran, tetapi saya akan tetap berusaha menghafalnya",3,0,0,2,2,2,1,20
26/06/2026,17,Perempuan,>3 Tahun,"Tidak afa privasi,kamar bareng sama orang lain,begitu juga sebaliknya",2,0,0,1,2,1,0,12
26/06/2026,18,Perempuan,>3 Tahun,"Ada pikiran bisa lulus nggk ya,mengingat bebannya terlalu berat",2,1,0,2,2,2,2,22
26/06/2026,16,Laki-Laki,<1 Tahun,"bada rasanya bener-bener pegel, abis kegiatan pondok sampai tidur pun aku sering kebangun gara gara urat kaki ketarik.",2,2,0,1,3,2,0,20
26/06/2026,14,Laki-Laki,>3 Tahun,Sulit beradaptasi dengan teman sekamar yang berbeda kebiasanya,1,1,0,1,2,3,0,16
26/06/2026,19,Perempuan,>3 Tahun,anak kamar ada yang susah bgttt dibilanginn,1,3,0,0,0,3,1,16
26/06/2026,17,Laki-Laki,1-3 tahun,"Kurang  nyaman,nggk bebas buat rebahan atau istirahat,main hp ,ngagk bisa jajan sepuasnya",2,2,0,0,1,0,0,10
26/06/2026,15,Laki-Laki,1-3 tahun,Nggak bisa main HP susah untuk keluar asrama,2,1,2,0,2,3,2,24
26/06/2026,17,Perempuan,1-3 tahun,dag dig dug saking kagetnya pas tiba-tiba ada sidak kamar dadakan tengah malam,1,1,2,2,2,1,0,18
26/06/2026,15,Laki-Laki,1-3 tahun,"Target hapalah,tajwid ,kitab,,kalau nggak hapal harus ngulang",1,2,1,2,3,2,3,28
26/06/2026,14,Laki-Laki,>3 Tahun,"Nggak bisa menyalurkan hobi lama seperri bermusik,bola dll",2,0,0,2,1,2,0,14
26/06/2026,18,Laki-Laki,>3 Tahun,Suka jengkel dikit kalau sabun mandi di ember tiba-tiba habis padahal seingatku kemarin masih lumayan ada,1,2,0,0,1,1,0,10
26/06/2026,17,Perempuan,1-3 tahun,"Kangen masakan rumah ,makanan pondok banyak yang nggak cocok",1,0,0,0,1,0,3,10
26/06/2026,14,Laki-Laki,>3 Tahun,yang paling ga bisa bikin santai tuh kebanyakan ngumpul absen lah apalagi muhadharoh karena disuruh nulis pidato terus minta ttd hadeuhhh,2,0,0,2,2,2,0,16
26/06/2026,18,Perempuan,>3 Tahun,"Tidak punya privasi,sperti kamar sendiri",2,1,1,0,2,1,0,14
26/06/2026,18,Perempuan,>3 Tahun,"kadang kangen di rumah pas hari hari besar kaya pas puasa, lebaran haji",0,3,0,0,1,0,2,12
26/06/2026,15,Laki-Laki,1-3 tahun,"aman ajaa ga ada yang bikin stres, saya gampang beradaptasi ",1,0,0,0,1,0,1,6
26/06/2026,17,Laki-Laki,1-3 tahun,"seru seru aja pesantren tuh, yang ga asik tuh ngumpul ngumpul ga jelas ",2,0,0,0,0,2,0,8
26/06/2026,16,Laki-Laki,1-3 tahun,"stres nya pas di tingkat akhir aja sihh, soalnya banyak praktek praktek yang harus dihafal, kaya amaliyah tadris",3,0,0,0,2,2,0,14
26/06/2026,18,Perempuan,>3 Tahun,yaa so far biasa aja sih ga ada yg buat stres,1,0,0,0,1,0,0,4
26/06/2026,15,Perempuan,<1 Tahun,Kadang suka kesel tipis dalem hati kalau lagi ngantuk berat sehabis ashar tapi masih ada tugas tulis naskah pidato.,1,1,1,1,1,1,0,12
26/06/2026,15,Laki-Laki,<1 Tahun,"seru seru aja sih, yaa kadang ada aja kakak kelas yang rese",1,1,0,0,1,0,0,6
26/06/2026,17,Laki-Laki,1-3 tahun,"Sempet mikir ""duh males banget"" pas denger pengumuman ada kumpul asrama dadakan, walau akhirnya tetep berangkat juga.",1,1,0,1,2,0,0,10
26/06/2026,16,Laki-Laki,1-3 tahun,"pengalaman stres aku pas jadi anak baru sihh, soalnya kaget sama kegiatanya yang padet",3,0,0,2,3,0,3,22
26/06/2026,18,Perempuan,>3 Tahun,"keselnya sampai ke ubun-ubun kalau liat temen sekamar nggak gerak pas dapet jadwal piket, rasanya pengen aku bentak semua.",1,2,0,0,2,3,0,16
26/06/2026,14,Laki-Laki,>3 Tahun,"stres bgttt pas jadi ketua osis karena kurang istirahat, soalnya apa apa yg dipanggil ketua osis. untungnya ada temen temen bantu",3,1,2,2,3,2,0,26
26/06/2026,18,Perempuan,1-3 tahun,Rasa rindu kepada orang tua dan suasana rumah sering kali membuat hati menjadi sangat sedih dan mengganggu fokus.,2,1,1,2,2,2,3,26
26/06/2026,19,Laki-Laki,>3 Tahun,Kurangnya waktu tidur karena jadwal yang sangat padat dari dini hari hingga malam sangat membebani fisik santri.,2,0,0,2,2,2,1,18
26/06/2026,17,Perempuan,>3 Tahun,Beban target hafalan Al-Quran atau kitab yang harus disetorkan setiap hari sering kali memicu stres akademik yang berat.,3,1,2,1,2,2,2,26
26/06/2026,17,Laki-Laki,>3 Tahun,Aturan yang sangat mengikat dan hukuman bagi pelanggarnya menuntut kedisiplinan ekstra yang kadang terasa mengekang.,2,1,0,1,2,1,0,14
26/06/2026,14,Perempuan,>3 Tahun,"Perbedaan karakter, ego, dan kebiasaan teman sekamar sering memicu gesekan dan masalah sosial",1,2,2,3,0,2,2,24
26/06/2026,14,Perempuan,1-3 tahun,yang paling membuat saya stres adalah rasa kangen rumah dan jadwal kegiatan yang padat.,2,1,1,1,1,2,0,16
26/06/2026,18,Perempuan,1-3 tahun,Tekanan moral untuk tidak mengecewakan orang tua dan harus menjadi anak yang sukses selama mondok.,3,2,2,1,2,0,2,24
26/06/2026,17,Perempuan,1-3 tahun,Harus bangun lebih awal dan terburu-buru setiap hari hanya untuk mengantre giliran mandi dan mencuci pakaian.,1,3,2,1,1,2,0,20
26/06/2026,19,Laki-Laki,1-3 tahun,Merasa kelelahan mental dan fisik karena tidak ada jeda istirahat yang cukup di antara rentetan kegiatan harian.,3,2,2,2,1,2,1,26
26/06/2026,19,Perempuan,<1 Tahun,Saya sering merasa tertekan karena banyaknya hafalan dan tugas yang harus diselesaikan,2,2,1,3,2,2,0,24
26/06/2026,14,Laki-Laki,>3 Tahun,Beban pekerjaan seperti mencuci baju secara manual dan menjemurnya di tengah cuaca yang tidak menentu.,0,1,0,1,1,2,1,12
26/06/2026,19,Laki-Laki,>3 Tahun,Stres harus mengatur keuangan bulanan agar cukup memenuhi kebutuhan harian dan tidak kelaparan di akhir bulan.,1,3,2,1,2,2,1,24
26/06/2026,17,Laki-Laki,1-3 tahun,hal yang paling berat bagi saya adalah membagi waktu belajar dan istirahat,2,1,1,2,1,2,0,18
26/06/2026,18,Perempuan,1-3 tahun,Perasaan jengkel dan sedih ketika barang pribadi atau kitab sering hilang atau tertukar dengan milik santri lain.,2,0,1,2,2,2,1,20
26/06/2026,16,Perempuan,<1 Tahun,Terkadang merasa bosan atau tidak cocok dengan menu makanan yang disediakan oleh dapur umum pondok.,2,0,2,2,2,1,1,20
26/06/2026,14,Perempuan,>3 Tahun,saya sering merasa tertekan karena harus bangun pagi dan menjalani aktivitas yang padat setiap hari,3,0,2,1,2,2,2,24
26/06/2026,17,Laki-Laki,1-3 tahun,"Kesulitan menyesuaikan diri dengan budaya, bahasa, dan kebiasaan baru yang jauh berbeda dari daerah asal.",1,2,0,1,2,2,1,18
26/06/2026,18,Perempuan,1-3 tahun,yang paling berat bagi saya adalah menyesuaikan diri dengan peraturan dan rutinitas pondok,2,1,1,3,0,2,3,24
26/06/2026,14,Laki-Laki,>3 Tahun,Sakit demam atau batuk yang harus diobati sendiri tanpa kehadiran dan perawatan langsung dari orang tua.,1,2,2,2,2,2,0,22
26/06/2026,16,Laki-Laki,<1 Tahun,"saya merasa stres ketika tugas, hafalan, dan kegiatan datang bersamaan",3,1,2,0,1,2,1,20
26/06/2026,19,Perempuan,>3 Tahun,Kadang merasa terisolasi secara emosional dan kesepian meskipun selalu dikelilingi oleh banyak teman di asrama.,2,2,1,2,0,2,1,20
26/06/2026,14,Perempuan,>3 Tahun,Saya merasa stres ketika harus menyelesaikan banyak target sementara waktu sangat terbatas,1,2,2,1,2,1,2,22
26/06/2026,14,Laki-Laki,>3 Tahun,Beban pikiran dan waktu ketika harus menyeimbangkan antara tugas pondok dengan tanggung jawab sebagai pengurus organisasi.,3,1,0,1,2,2,1,20
26/06/2026,17,Perempuan,1-3 tahun,Merasa terbebani ketika harus membersihkan area asrama yang luas setelah lelah mengikuti kegiatan belajar seharian.,1,1,2,2,1,2,0,18
26/06/2026,14,Laki-Laki,1-3 tahun,Saya sering merasa tertekan karena sulit mendapatkan waktu untuk beristirahat dengan cukup,2,1,2,2,1,2,1,22
26/06/2026,18,Perempuan,>3 Tahun,Perasaan terbatas ruang geraknya karena aturan perizinan yang sangat ketat hanya untuk sekadar keluar membeli keperluan.,1,2,2,2,2,2,0,22
26/06/2026,18,Perempuan,<1 Tahun,yang paling membuat saya tertekan adalah ketika banyak tugas datang dalam waktu bersamaan,2,0,1,3,2,1,0,18
26/06/2026,16,Perempuan,1-3 tahun,"Kesulitan menggunakan air asrama yang kadang keruh atau berbau untuk keperluan mandi, wudhu, dan mencuci.",2,1,3,2,0,2,2,24
26/06/2026,14,Laki-Laki,>3 Tahun,Hal yang paling berat bagi saya adalah rasa jenuh karena rutinitas yang sama setiap hari,2,1,1,2,3,1,2,24
26/06/2026,18,Laki-Laki,>3 Tahun,Stres menghadapi ujian sekolah formal sekaligus ujian materi kepesantrenan atau diniyah dalam waktu yang bersamaan.,0,1,2,2,2,2,2,22
26/06/2026,14,Perempuan,>3 Tahun,"Saya sedari kecil merasa trauma akan kesendirian dan takut ditinggalkan, jadi selama di asrama yang per kamar masing2 ada teman kamar 4-6 orang itu sangat healing, saya tidak pernah merasa sepi lagi, tapi kadang burn out sih kayak ga terlalu punya space buat diri sendiri, enjoy aja deh",2,3,2,0,2,1,3,26
26/06/2026,17,Laki-Laki,1-3 tahun,"aku orangnya pelupa biasanya diingetin mamah buat ngelakuin tujuan atau nyiapin sesuatu, di pondok itu yang bikin aku agak sulit adaptasi ya, jadi ke sliwer aja gitu rasanya kadang keteteran",2,1,1,1,2,1,2,20
26/06/2026,16,Perempuan,1-3 tahun,"Saat SMP atau SD itu aku bebas banget anaknya mau main kemanapun, sampe di pesantren ya agak kaget lah Mayan sama aturan yang cukup Ketat, semoga bisa survive",2,0,3,2,0,1,2,20
26/06/2026,19,Laki-Laki,1-3 tahun,"hal yang paling bikin culture shock saat mondok tuh d bagian aku yang apa apa biasa sendiri, sekarang kayak hampir 24/7 bareng2 sama orang lain terus khususnya temen sekamar heheh",1,1,2,2,2,2,2,24
26/06/2026,17,Perempuan,1-3 tahun,"Anak pertama di keluarga, punya 3 adik, hal yang paling berat itu ketika biasanya denger ricuh adek adek setiap hari sekarang sepi banget, cuma bisa ketemu beberapa bulan sekali, kangen sih homesick iya",2,1,0,2,3,2,2,24
26/06/2026,14,Laki-Laki,>3 Tahun,"Sekarang udah mulai terbiasa tapi pas awal sulit di adaptasi rutinitas hariannya yang beda drastis, sempet gabisa tidur",2,2,1,1,2,1,1,20
26/06/2026,19,Perempuan,1-3 tahun,"Setelah di asrama aku ngerasa ada beda di tubuh ya jadi agak lebih sensitif, misal gampang lelah gitu, trs ga sebugar dulu",2,2,1,2,2,1,1,22
26/06/2026,17,Perempuan,1-3 tahun,"dalam setahun terakhir paling sulit di aturan sih, agak kaget jujur jadi bikin dah dig dug tiap hari, tiap malem, istirahat kurang optimal",3,0,0,1,2,0,1,14
26/06/2026,17,Laki-Laki,>3 Tahun,"Aku gapernah punya target hafalan gitu sebelum mondok, setelah mondok pasti ada itu dan aturan ketat lainnya, perlu waktu banget sih buat kayak masuk ke lingkugannya",3,2,1,2,2,1,1,24
26/06/2026,16,Laki-Laki,1-3 tahun,"banyak yang harus di biasakan seperti menerima teman kamar yang kurang se frekuensi, lalu menyesuaikan kebiasaan dengan aturan",1,2,2,1,1,2,2,22
26/06/2026,17,Perempuan,<1 Tahun,setelah ke pondok perasaanku entah kenapa jadi lebih mudah cemas mungkin karena jauh dari ortu ibarat gaada yang jagain everything is on my hand gitu lebih tertekan ,2,1,3,2,3,1,2,28
26/06/2026,14,Laki-Laki,<1 Tahun,pas masih tidur di rumah ku orangnya ngantukan pas ke pondok jadi insomnia wkwkw sulit,2,0,1,1,1,1,0,12
26/06/2026,19,Perempuan,1-3 tahun,"Hal yang paling sulit itu di manajemen waktuku sih sama belum terlalu bisa ngatur ngatur pas awal awal mondok, sampe sekarang sih masih tapi agak mending",1,2,2,2,1,2,2,24
26/06/2026,18,Perempuan,1-3 tahun,"Ngerasa di kontrol sama orang yang bahkan bukan siapa siapa aku gitu, kadang masih gabisa terima",2,1,1,2,2,1,2,22
26/06/2026,18,Perempuan,>3 Tahun,"JUJUR, asramaku serem jadi...paling bikin stres dan gabisa tidur sih gegara hal mistisnya ",2,1,1,3,2,0,0,18
26/06/2026,14,Laki-Laki,>3 Tahun,Paling berat di bagian stres akademik dan ngejar target yayasan sih kalo aku,1,2,0,2,3,0,3,22
26/06/2026,17,Laki-Laki,1-3 tahun,"santai tentram aja si karena saya orangnya bodo amatan, yang penting jauhin ustadz dan kakak kelas yang rese",1,0,0,0,1,1,0,6
26/06/2026,18,Perempuan,1-3 tahun,"Ada hukuman/tazir,jika telat sholat jamaah,tidak setoran hapalan yang bikin cape",2,0,0,1,2,2,1,16
26/06/2026,18,Laki-Laki,1-3 tahun,Nggak bisa main HP susah untuk keluar asrama,2,0,1,1,1,1,0,12
26/06/2026,18,Perempuan,>3 Tahun,"Susah banget buat sekadar senyum kalau lagi kumpul asrama, kepalaku udah terlalu penuh sama urusan setoran yang nunggak.",2,2,1,1,1,1,2,20
26/06/2026,17,Perempuan,1-3 tahun,"so farr enak enak ajaa, karena anaka kamar akuu enakk  🥰🥰🥰",1,0,1,1,1,1,0,10
26/06/2026,18,Laki-Laki,>3 Tahun,"Semuanya serba diatur,merasa terkurung",2,0,1,1,1,1,0,12
26/06/2026,18,Laki-Laki,>3 Tahun,sendal hilang terusss padahal sendal baru,1,2,0,0,1,0,0,8
26/06/2026,19,Laki-Laki,>3 Tahun,yaa lumayan capek pas jadi ketua kamar,3,1,0,0,2,2,0,16
26/06/2026,18,Laki-Laki,>3 Tahun,"Rasanya mau gila! Mataku udah perih banget pengen tidur, tapi isi kepalaku berisik banget mikirin hafalan dan hukuman besok sampai nggak bisa merem.",3,1,1,2,3,2,1,26
26/06/2026,17,Laki-Laki,>3 Tahun,"Bawaannya ketus terus kalau ditanya-tanya soal progress hafalan, karena itu bener-bener hal yang bikin aku gampang emosi.",2,2,0,0,1,3,1,18
26/06/2026,18,Perempuan,>3 Tahun,"banyak hukuman yang terlalu berlebihan, padahal kesalahanya sepele",2,2,0,1,1,0,3,18
26/06/2026,18,Perempuan,>3 Tahun,"ada fikiran bisa dapet nilai bagus ga ya, soalnya mau masuk universitas impian",2,0,2,1,1,1,3,20
26/06/2026,19,Laki-Laki,>3 Tahun,"dipanggil terus dihukum sama kakak kelas gara"" anggota kamar  ada yang bikin salah",1,2,0,1,2,2,0,16
26/06/2026,17,Laki-Laki,1-3 tahun,"Agak deg-degan pas namaku tiba-tiba diabsen buat ngerjain soal di papan tulis, alhamdulillah untung bisa jawabnya.",2,1,1,3,2,1,0,20
26/06/2026,18,Perempuan,>3 Tahun,"Sensitif banget kalau ngerasa dikacangin pas lagi rapat organisasi asrama, bawaannya pengen banting pintu terus keluar.",1,3,0,0,1,3,0,16
26/06/2026,14,Perempuan,>3 Tahun,Nggak bisa main HP susah untuk keluar asrama,1,0,0,1,3,1,1,14
26/06/2026,16,Laki-Laki,<1 Tahun,"Paling kesel kalau lagi fokus ngafal di masjid terus ada yang malah bercanda, konsentrasi langsung buyar.",2,3,0,0,2,3,0,20
26/06/2026,18,Laki-Laki,>3 Tahun,"Sensitif banget kalau soal kebersihan, ada sampah dikit di depan lemari aja bisa bikin diceramahin seisi kamar.",1,3,0,0,2,3,0,18
26/06/2026,17,Perempuan,>3 Tahun,Tertekan banget nanggung ekspektasi ustadzah yang selalu nuntut bacaanku harus sempurna tanpa celah tiap pagi.,1,2,1,2,2,2,1,22
26/06/2026,18,Perempuan,>3 Tahun,"Intoleran banget sama orang yang nyela pembicaraanku pas lagi debat di kelas, bener-bener bikin emosiku kesulut",2,2,0,0,2,3,1,20
26/06/2026,19,Laki-Laki,>3 Tahun,sebel bener sama ustadz yang kalo ngehukum langsung gunting rambut,1,2,0,2,2,2,0,18
26/06/2026,15,Perempuan,>3 Tahun,"Nggak sabar nunggu liburan semesteran tiba, rasanya hari-hari di pondok berjalan lambat banget",1,2,0,0,2,3,1,18
26/06/2026,15,Laki-Laki,1-3 tahun,Yang paling berat buat aku itu jadwal hafalan yang padat. Kadang malam masih kepikiran target besok sampai susah benar-benar istirahat.,3,1,1,1,3,1,1,22
26/06/2026,14,Perempuan,<1 Tahun,"Sejujurnya saya paling sering merasa tertekan ketika hafalan belum lancar, padahal teman-teman sudah banyak yang setor. Rasanya jadi takut sendiri.",2,2,3,2,2,0,1,24
26/06/2026,14,Perempuan,1-3 tahun,Antrean mandi yang panjang ditambah waktu persiapan yang terbatas sering bikin suasana hati kurang baik. Akhirnya saya jadi mudah kesal walaupun masalahnya sebenarnya kecil.,1,0,0,1,2,1,1,12
26/06/2026,16,Perempuan,<1 Tahun,Kangen rumah masih menjadi hal yang paling sulit buatku. Kalau sedang ingat keluarga biasanya pikiran jadi tidak tenang dan sulit fokus belajar.,2,1,1,2,2,1,2,22
26/06/2026,16,Perempuan,1-3 tahun,"Kadang bukan pelajarannya yang berat, tetapi rasa takut tidak bisa memenuhi harapan ustaz dan orang tua. Pikiran seperti itu sering menguras tenaga saya.",2,0,1,2,3,2,2,24
26/06/2026,17,Laki-Laki,1-3 tahun,"Aku cukup sering merasa tertekan kalau ada teman yang berbicara dengan nada tinggi. Walaupun tidak besar masalahnya, perasaanku mudah sekali kepikiran.",2,1,1,2,2,2,1,22
26/06/2026,15,Perempuan,<1 Tahun,"Peraturan di pondok sebenarnya baik, tetapi karena harus menyesuaikan banyak kebiasaan baru saya kadang merasa lelah dan sulit menikmati waktu istirahat.",3,1,1,2,2,2,1,24
26/06/2026,17,Perempuan,1-3 tahun,"Rasanya capek ketika tugas sekolah, hafalan, dan kegiatan pondok datang bersamaan. Aku jadi sering cemas apakah semuanya bisa selesai tepat waktu.",3,1,1,2,2,2,0,22
26/06/2026,15,Perempuan,1-3 tahun,Hal yang paling membebani pikiranku adalah takut melakukan kesalahan. Akibatnya aku sering gelisah sebelum melakukan kegiatan apa pun.,2,1,3,2,2,2,0,24
26/06/2026,14,Perempuan,1-3 tahun,"Saya paling kesulitan saat badan sudah lelah tetapi masih harus mengejar target hafalan. Rasanya ingin istirahat, namun pikiran tidak bisa tenang.",3,1,3,2,2,2,0,26
26/06/2026,18,Laki-Laki,>3 Tahun,"Sebenarnya teman-teman baik, hanya saja kadang terjadi salah paham kecil yang membuat aku kepikiran sampai berhari-hari.",2,2,2,2,2,2,3,30
26/06/2026,19,Perempuan,>3 Tahun,"Kalau sedang banyak ujian hafalan, saya jadi lebih mudah panik daripada biasanya. Tidur juga terasa kurang nyenyak karena terus memikirkan persiapan.",3,1,2,2,3,2,0,26
26/06/2026,19,Laki-Laki,1-3 tahun,Tidak mudah membiasakan diri jauh dari keluarga. Ada saat-saat saya ingin pulang karena rindu rumah dan suasana menjadi lebih sedikit berbeda dari biasanya.,2,1,2,2,2,1,3,26
26/06/2026,14,Perempuan,>3 Tahun,"hal yang membuatku paling tertekan adalah ketika merasa tertinggal dari teman-teman. Walaupun mereka tidak mengejek, aku tetap merasa cemas sendiri.",2,0,1,2,2,2,2,22
26/06/2026,14,Laki-Laki,<1 Tahun,Jadwal yang padat membuat waktu untuk diri sendiri hampir tidak ada. Aku jadi gampang lelah secara pikiran dan sulit merasa benar-benar rileks.,2,2,3,2,2,1,0,24
26/06/2026,19,Perempuan,1-3 tahun,"Menurut saya bagian tersulit adalah menjaga semangat setiap hari. Kalau sudah capek, hal kecil saja bisa membuat emosi ikut naik.",2,2,0,1,2,3,2,24
26/06/2026,14,Laki-Laki,1-3 tahun,Kadang aku merasa terbebani karena ingin hasil hafalan selalu bagus sayangnya tidak sesuai harapan.,2,2,2,2,2,2,0,24
26/06/2026,13,Laki-Laki,>3 Tahun,Suasana pondok yang ramai membuat saya cukup sulit mendapatkan waktu tenang. Akibatnya istirahat terasa kurang dan badan cepat lelah.,3,1,1,1,3,2,0,22
26/06/2026,14,Perempuan,>3 Tahun,Yang paling sering membuatku stres adalah ketika banyak kegiatan berlangsung bersamaan. Rasanya pikiran penuh sehingga sulit tetap tenang sepanjang hari.,3,2,1,1,3,2,0,24
26/06/2026,17,Perempuan,<1 Tahun,"Saya merasa tekanan terbesar muncul saat harus membagi waktu antara belajar, hafalan, dan kegiatan pondok. Kalau tidak sesuai rencana biasanya saya menjadi lebih gelisah.",2,2,2,3,3,1,0,26
26/06/2026,15,Laki-Laki,1-3 tahun,"Sering kali yang membuat pikiran penuh justru rasa takut tidak mampu mengikuti kemampuan teman-teman. Walaupun berusaha tenang, tetap saja ada rasa khawatir setiap menjelang setoran.",2,2,1,1,3,2,0,22
26/06/2026,15,Laki-Laki,<1 Tahun,"Berada jauh dari orang tua ternyata lebih sulit daripada yang saya bayangkan. Saat sedang banyak masalah, rasanya ingin sekali bercerita langsung kepada keluarga.",1,1,1,0,2,1,3,18
26/06/2026,16,Perempuan,<1 Tahun,"Bukan karena tidak betah di pondok, hanya saja kegiatan dari pagi sampai malam kadang membuat badan dan pikiran sama-sama kelelahan.",3,0,2,2,2,2,1,24
26/06/2026,18,Laki-Laki,<1 Tahun,"Kalau hafalan belum sesuai target, aku sering menyalahkan diri sendiri. Akibatnya malam hari sulit tidur karena terus memikirkan kesalahan yang tadi terjadi.",3,0,2,3,3,0,1,24
26/06/2026,14,Perempuan,>3 Tahun,Hal yang cukup membebani adalah suasana kamar yang ramai. Ingin belajar dengan tenang kadang susah sehingga saya menjadi tidak fokus.,2,2,1,1,2,2,0,20
26/06/2026,18,Laki-Laki,>3 Tahun,"Antrean saat mandi atau mencuci memang terlihat sepele, tetapi kalau sedang terburu-buru aku jadi tidak sabaran.",0,2,0,1,2,2,0,14
26/06/2026,15,Perempuan,1-3 tahun,"Kadang saya merasa terlalu memikirkan pendapat orang lain. Kalau ada yang menegur sedikit saja, perasaan saya bisa tidak enak seharian.",2,2,1,2,2,1,0,20
26/06/2026,13,Perempuan,<1 Tahun,Tekanan biasanya datang ketika tugas sekolah dan hafalan menumpuk bersamaan. Rasanya tenaga cepat habis karena terus memikirkan mana yang harus diselesaikan lebih dulu.,2,2,2,2,3,0,0,22
26/06/2026,14,Perempuan,>3 Tahun,"Saat kondisi tubuh sedang kurang sehat, mengikuti semua aktivitas pondok terasa jauh lebih berat. Saya jadi lebih mudah cemas kalau tertinggal pelajaran.",2,2,3,2,3,2,0,28
26/06/2026,18,Laki-Laki,1-3 tahun,"Aku sering merasa waktu berjalan terlalu cepat. Belum selesai satu kegiatan, sudah ada kegiatan berikutnya sehingga badan rasanya kurang istirahat.",3,0,1,2,2,2,1,22
26/06/2026,18,Perempuan,>3 Tahun,"Yang membuatku paling lelah adalah harus terus menjaga semangat walaupun sedang banyak pikiran. Kadang senyum di depan teman, tetapi sebenarnya hati sedang tidak tenang.",2,0,1,2,3,3,0,22
26/06/2026,14,Perempuan,>3 Tahun,Ada kalanya saya merasa sulit menyesuaikan diri dengan karakter beberapa teman sekamar. Hal kecil bisa membuat suasana hati berubah lebih cepat.,1,3,1,2,2,1,1,22
26/06/2026,14,Perempuan,1-3 tahun,Paling berat ketika merasa kemampuan menghafalku lebih lambat dibanding teman lain. Rasa minder itu sering muncul tanpa bisa dicegah.,1,1,3,3,2,2,0,24
26/06/2026,16,Laki-Laki,1-3 tahun,"Sesekali aku merasa sangat rindu suasana rumah, terutama saat sedang sakit atau kelelahan. Pikiran jadi sulit fokus mengikuti kegiatan seperti biasanya.",2,1,1,2,2,1,3,24
26/06/2026,14,Laki-Laki,1-3 tahun,Jadwal yang padat membuat saya hampir tidak punya waktu untuk menenangkan diri. Akibatnya kepala terasa penuh dan tidur juga kurang nyenyak.,3,1,2,2,2,1,0,22
26/06/2026,18,Laki-Laki,1-3 tahun,Antrean panjang untuk mandi dan makan sering membuat aktivitas menjadi menyebalkan.,0,2,2,1,1,2,0,16
26/06/2026,14,Perempuan,>3 Tahun,Peraturan yang ketat dan kurangnya waktu pribadi kadang membuat saya tertekan.,2,1,1,1,2,1,0,16
26/06/2026,16,Perempuan,1-3 tahun,"Sulit membagi waktu antara belajar, hafalan, dan istirahat sehingga sering merasa lelah.",2,1,2,1,2,1,1,20
26/06/2026,16,Laki-Laki,1-3 tahun,Rasa kangen rumah dan tekanan hafalan yang menumpuk sering membuat saya merasa stres,2,0,3,1,2,2,3,26
26/06/2026,18,Perempuan,1-3 tahun,"Kalau ada kesalahan kecil saat belajar, aku sering kepikiran terus. Padahal teman-teman mungkin sudah melupakan, tetapi aku masih memikirkannya.",2,1,3,2,3,0,0,22
26/06/2026,18,Perempuan,>3 Tahun,Yang cukup menguras tenaga adalah keinginan untuk selalu tampil baik di depan ustaz dan teman-teman. Saya takut mengecewakan mereka.,2,2,3,2,2,0,1,24
26/06/2026,19,Perempuan,1-3 tahun,Suara ramai di kamar kadang membuatku sulit benar-benar beristirahat. Akhirnya keesokan harinya badan terasa kurang segar.,3,1,0,1,2,1,1,18
26/06/2026,15,Laki-Laki,<1 Tahun,"Ketika ada banyak aturan yang harus diingat sekaligus, saya sering takut melakukan pelanggaran tanpa sengaja. Perasaan itu membuat saya kurang tenang.",2,1,2,1,3,1,0,20
26/06/2026,17,Laki-Laki,>3 Tahun,"Beberapa kali aku merasa kewalahan karena semua tanggung jawab datang bersamaan. Walaupun tetap dijalani, rasanya pikiran terus dipenuhi rasa khawatir sampai sulit rileks.",3,2,3,2,3,1,0,28
26/06/2026,21,Perempuan,>3 Tahun,"Bangun pagi sebenarnya sudah biasa, tetapi kalau beberapa hari berturut-turut kurang tidur badan terasa sangat lelah dan pikiran ikut tidak tenang.",2,1,2,1,3,1,0,20
26/06/2026,19,Perempuan,>3 Tahun,Kadang aku merasa tidak enak hati kalau belum bisa membantu teman. Hal itu sering membuatku memikirkan banyak hal yang sebenarnya belum tentu terjadi.,2,0,2,2,2,1,3,24
26/06/2026,16,Perempuan,1-3 tahun,Tekanan yang paling sering saya rasakan muncul ketika harus mengejar setoran hafalan sementara pelajaran sekolah juga sedang banyak.,2,1,2,2,3,1,0,22
26/06/2026,18,Perempuan,>3 Tahun,Ada saat-saat ketika suasana pondok terasa terlalu ramai. Aku jadi sulit mencari tempat untuk menenangkan pikiran walaupun hanya sebentar.,2,1,1,3,3,1,0,22
26/06/2026,14,Perempuan,>3 Tahun,"Bagi saya, hal yang paling berat adalah menjaga semangat setiap hari. Kalau sudah merasa lelah, semuanya terasa lebih sulit dari biasanya.",2,1,2,2,2,1,1,22
26/06/2026,15,Laki-Laki,<1 Tahun,Pernah beberapa kali merasa kecewa pada diri sendiri karena target belum tercapai. Sejak itu aku jadi lebih sering cemas menghadapi kegiatan berikutnya.,2,2,2,2,3,1,2,28
26/06/2026,15,Laki-Laki,<1 Tahun,Menunggu giliran menggunakan kamar mandi terkadang membuat waktu jadi berantakan. Akhirnya saya terburu-buru dan lebih mudah kesal dibanding biasanya.,2,2,0,1,2,3,1,22
26/06/2026,18,Laki-Laki,1-3 tahun,Aku paling sulit kalau sedang banyak pikiran lalu harus tetap terlihat semangat. Rasanya tenaga cepat habis karena memendam semuanya sendiri.,2,1,2,2,2,2,1,24
26/06/2026,14,Laki-Laki,>3 Tahun,Hal sederhana seperti ditegur saat melakukan kesalahan masih sering membuat saya kepikiran walaupun maksudnya memang untuk mengingatkan.,1,1,1,2,2,1,2,20
26/06/2026,14,Laki-Laki,1-3 tahun,Rasa rindu kepada keluarga biasanya muncul ketika sedang mengalami hari yang berat. Saat itu aku merasa lebih sensitif daripada biasanya.,2,1,2,3,2,1,3,28
26/06/2026,14,Laki-Laki,1-3 tahun,Jadwal yang padat membuat waktu istirahat terasa kurang. Akibatnya saya lebih capek dan sulit berkonsentrasi mengikuti kegiatan berikutnya.,3,1,1,1,3,2,0,22
26/06/2026,18,Perempuan,>3 Tahun,Aku sering merasa khawatir kalau hasil belajarku tidak sesuai harapan. Pikiran seperti itu kadang muncul terus sampai malam hari.,2,2,2,2,2,0,2,24
26/06/2026,17,Perempuan,>3 Tahun,Beradaptasi dengan kebiasaan banyak orang dalam satu kamar ternyata tidak mudah. Saya perlu waktu agar tidak mudah terganggu oleh hal-hal kecil.,1,2,1,2,2,2,0,20
26/06/2026,14,Perempuan,1-3 tahun,"Kalau sudah kelelahan, emosi rasanya lebih mudah naik. Aku jadi kurang sabar saat menghadapi antrean atau menunggu giliran.",2,2,1,1,2,2,0,20
26/06/2026,19,Perempuan,<1 Tahun,"Yang cukup membebani adalah rasa takut tertinggal dari teman-teman. Walaupun mereka tidak membandingkan, saya tetap merasa harus mengejar.",2,1,1,2,2,2,0,20
26/06/2026,18,Perempuan,<1 Tahun,"Suasana hati kadang berubah hanya karena mengingat rumah. Aku berusaha menikmati kegiatan di pondok, tetapi rasa rindu tetap sering muncul.",1,1,1,2,2,1,3,22
26/06/2026,15,Perempuan,>3 Tahun,Beberapa hari terasa sangat melelahkan karena hampir tidak ada waktu untuk benar-benar beristirahat. Saya jadi sulit merasa segar ketika bangun pagi.,3,1,2,2,2,1,0,22
26/06/2026,16,Perempuan,1-3 tahun,"Saat banyak tugas datang bersamaan, aku sering bingung menentukan mana yang harus didahulukan. Akhirnya pikiran terasa penuh sepanjang hari.",2,1,3,3,2,0,0,22
26/06/2026,14,Laki-Laki,1-3 tahun,Hal yang paling mengganggu justru ketika saya terlalu banyak memikirkan kesalahan sendiri. Rasanya sulit berhenti menyalahkan diri setelah itu.,2,1,2,2,2,1,3,26
26/06/2026,14,Laki-Laki,<1 Tahun,"Tidak semua hari terasa berat, tetapi kalau tekanan sedang banyak aku jadi lebih mudah tersinggung dan sulit mengendalikan perasaan.",2,2,2,2,2,2,0,24
26/06/2026,19,Perempuan,>3 Tahun,"Sehabis kegiatan malam biasanya badan sudah lelah, tetapi pikiran masih memikirkan hafalan yang belum lancar sehingga tidur terasa kurang nyenyak.",3,1,2,2,2,1,0,22
26/06/2026,22,Laki-Laki,>3 Tahun,"ana masih sering merasa gugup ketika harus menyetorkan hafalan di depan ustaz walaupun sudah belajar, tetap ada rasa takut melakukan kesalahan.",1,1,3,3,3,0,1,24
26/06/2026,15,Perempuan,1-3 tahun,Menyesuaikan diri dengan berbagai aturan pondok membutuhkan proses. Kadang saya merasa tertekan karena takut melanggar tanpa sengaja.,1,1,2,2,3,1,0,20
26/06/2026,18,Perempuan,>3 Tahun,Waktu istirahat yang terasa singkat membuat tenaga cepat habis. Akhirnya aku menjadi lebih mudah gelisah saat mengikuti kegiatan berikutnya.,1,1,3,3,3,1,2,28
26/06/2026,22,Perempuan,>3 Tahun,Perasaan paling berat muncul ketika melihat teman sudah selesai menghafal lebih dulu. Saya jadi membandingkan diri sendiri dan kehilangan semangat.,1,2,3,3,2,1,1,26
26/06/2026,21,Perempuan,<1 Tahun,"Tidak mudah tinggal bersama banyak orang dengan kebiasaan yang berbeda-beda. Kadang aku merasa terganggu, tetapi memilih diam daripada memperpanjang masalah.",2,2,2,2,2,1,1,24
26/06/2026,19,Laki-Laki,1-3 tahun,"Saat badan sedang kurang fit, mengikuti semua kegiatan terasa lebih menguras tenaga. Saya jadi lebih mudah khawatir kalau tidak bisa mengikuti pelajaran.",2,1,2,2,3,2,2,28
26/06/2026,22,Perempuan,1-3 tahun,Aku paling tidak nyaman ketika harus mengejar banyak target dalam waktu bersamaan. Rasanya pikiran terus bekerja dan sulit benar-benar tenang.,2,1,2,2,3,2,2,28
26/06/2026,21,Laki-Laki,1-3 tahun,"Kadang saya merasa sedih tanpa alasan yang jelas, mungkin karena sudah lama tidak bertemu keluarga. Hal kecil pun bisa membuat perasaan berubah.",2,2,2,2,2,1,3,28
26/06/2026,21,Laki-Laki,>3 Tahun,"Suasana ramai di asrama membuatku sulit mendapatkan waktu sendiri. Kalau sudah begitu, kepala terasa penuh dan lebih mudah lelah.",3,1,1,2,2,1,1,22
26/06/2026,15,Perempuan,<1 Tahun,"Yang paling membebani bukan kegiatannya, tetapi rasa takut tidak mampu memenuhi harapan orang tua. Pikiran itu sering muncul sebelum tidur.",2,1,2,3,2,0,2,24
26/06/2026,18,Perempuan,>3 Tahun,Saya sering merasa cemas ketika nilai pelajaran tidak sesuai keinginan. Akibatnya semangat belajar sempat menurun beberapa waktu.,2,2,3,2,3,1,2,30
26/06/2026,19,Laki-Laki,1-3 tahun,Kadang aku terlalu memikirkan perkataan teman walaupun sebenarnya tidak bermaksud menyakiti. Akhirnya suasana hati jadi kurang baik seharian.,2,2,3,2,2,1,2,28
26/06/2026,15,Laki-Laki,<1 Tahun,Menunggu giliran untuk berbagai keperluan sering membuat waktu terasa sempit. Saya jadi lebih mudah terburu-buru dan kurang sabar.,2,3,1,1,2,2,1,24
26/06/2026,19,Laki-Laki,1-3 tahun,Yang membuatku stres adalah ketika jadwal sangat padat tetapi tenaga sudah habis. Rasanya ingin istirahat lebih lama supaya bisa kembali fokus.,3,2,1,2,2,1,1,24
26/06/2026,22,Perempuan,>3 Tahun,"Saya kadang terlalu keras pada diri sendiri. Kalau hasil belum sesuai harapan, rasa kecewanya berlangsung cukup lama dan sulit dihilangkan.",2,2,2,2,3,0,2,26
26/06/2026,19,Laki-Laki,>3 Tahun,"Belajar hidup mandiri memang banyak manfaatnya, tetapi sesekali aku tetap merasa kesepian saat menghadapi masalah sendirian di pondok.",2,1,2,2,2,1,2,24
26/06/2026,20,Perempuan,>3 Tahun,Beberapa tugas datang bersamaan sehingga saya harus membagi waktu dengan sangat ketat. Kondisi itu membuat pikiran terasa cepat lelah.,2,1,2,2,2,1,1,22
26/06/2026,17,Perempuan,1-3 tahun,Aku sering merasa belum memberikan usaha terbaik. Pikiran seperti itu membuatku sulit menikmati waktu istirahat karena terus memikirkan kekurangan sendiri.,2,1,2,2,2,1,1,22
26/06/2026,15,Laki-Laki,<1 Tahun,"Saat sedang banyak tekanan, saya menjadi lebih sensitif terhadap keadaan sekitar. Hal kecil yang biasanya biasa saja bisa terasa cukup mengganggu.",2,1,2,2,2,1,1,22
26/06/2026,17,Laki-Laki,>3 Tahun,"Akhir-akhir ini yang paling sering membuatku tertekan adalah rasa khawatir kalau hafalanku lupa saat diminta maju. Karena terlalu banyak berpikir, tidurku juga sering tidak nyenyak.",3,1,2,2,3,1,0,24
26/06/2026,18,Perempuan,<1 Tahun,"Rasanya paling berat ketika harus tetap bersemangat padahal badan sudah lelah. Saya berusaha mengikuti semua kegiatan, tetapi pikiran sering terasa penuh.",1,1,1,1,3,2,1,20
26/06/2026,15,Perempuan,<1 Tahun,"Kalau sedang ada masalah dengan teman sekamar, suasana hati langsung berubah. Aku jadi sulit fokus belajar dan terus memikirkan kejadian itu sampai malam.",1,2,2,1,2,1,3,24
26/06/2026,18,Perempuan,<1 Tahun,"Sebenarnya saya mulai terbiasa tinggal di pondok, tetapi masih ada waktu tertentu ketika rasa rindu keluarga datang begitu saja dan membuat hati tidak tenang.",2,1,1,2,2,1,3,24
26/06/2026,18,Perempuan,1-3 tahun,sebetulnya paling menguras tenaga menurutku adalah mengejar target setiap hari tanpa banyak waktu untuk menenangkan diri. Kadang rasanya ingin istirahat lebih lama.,2,1,2,2,2,1,1,22
26/06/2026,15,Laki-Laki,<1 Tahun,"Saya sering memikirkan banyak kemungkinan buruk sebelum kegiatan dimulai. Walaupun akhirnya berjalan baik, rasa cemasnya tetap muncul terlebih dahulu.",2,1,3,3,2,1,0,24
26/06/2026,20,Perempuan,>3 Tahun,"Ketika jadwal sedang padat, hal kecil saja bisa membuatku kesal. Setelah itu biasanya aku menyesal karena merasa bereaksi terlalu berlebihan.",1,3,1,1,1,3,0,20
26/06/2026,21,Laki-Laki,1-3 tahun,Tidak mudah menjaga semangat setiap hari. Ada saatnya saya merasa sangat lelah sehingga sulit menikmati aktivitas yang biasanya terasa biasa saja.,1,2,1,2,3,1,0,20
26/06/2026,16,Perempuan,>3 Tahun,Aku kadang merasa kurang percaya diri dibanding teman-teman. Perasaan itu membuatku sering gelisah sebelum mengikuti pelajaran atau setoran hafalan.,2,2,0,2,2,0,3,22
26/06/2026,21,Laki-Laki,>3 Tahun,Hal yang paling membebaniku justru ketika harus memendam semua perasaan sendiri. Rasanya hati menjadi lebih sensitif dan mudah tersinggung.,2,2,2,2,2,0,3,26
26/06/2026,21,Perempuan,1-3 tahun,"Saya cukup kesulitan membagi waktu antara belajar, menghafal, dan beristirahat. Akibatnya badan cepat lelah dan pikiran sulit benar-benar rileks.",3,0,1,0,2,2,1,18
26/06/2026,17,Laki-Laki,>3 Tahun,Kadang aku merasa khawatir kalau tidak bisa memenuhi harapan guru dan orang tua. Pikiran seperti itu sering muncul tanpa bisa dikendalikan.,2,0,3,3,3,1,0,24
26/06/2026,15,Laki-Laki,1-3 tahun,"Saat suasana asrama terlalu ramai, saya sulit berkonsentrasi maupun beristirahat. Lama-kelamaan hal itu membuat emosi lebih mudah naik.",3,3,0,1,1,1,0,18
26/06/2026,15,Laki-Laki,<1 Tahun,Aku merasa paling berat ketika banyak kegiatan harus diselesaikan dalam waktu yang hampir bersamaan. Rasanya kepala penuh dari pagi sampai malam.,3,2,1,1,3,2,0,24
26/06/2026,19,Perempuan,>3 Tahun,"Sejujurnya saya masih sering merasa sedih kalau mengingat rumah. Walaupun berusaha kuat, terkadang perasaan itu datang tiba-tiba saat sedang sendiri.",2,1,0,2,2,1,3,22
26/06/2026,21,Perempuan,<1 Tahun,Kesalahan kecil yang kulakukan sering teringat terus sampai berhari-hari. Akibatnya aku menjadi sulit merasa tenang ketika melakukan kegiatan berikutnya.,2,2,1,2,3,2,0,24
26/06/2026,16,Laki-Laki,1-3 tahun,Saya merasa tekanan terbesar muncul ketika kemampuan saya tidak berkembang secepat yang saya harapkan. Hal itu membuat semangat kadang naik turun.,2,2,2,1,1,2,2,24
26/06/2026,19,Perempuan,>3 Tahun,"paling sering membuatku stres adalah kurangnya waktu untuk beristirahat setelah semua kegiatan selesai. Badan sudah lelah, tetapi pikiran masih terus bekerja.",3,2,1,2,2,2,2,28
26/06/2026,21,Laki-Laki,>3 Tahun,"Kadang perkataan orang lain mudah sekali masuk ke hati saya. Walaupun hanya bercanda, saya tetap memikirkannya cukup lama setelah itu.",2,0,2,2,2,1,3,24
26/06/2026,18,Laki-Laki,1-3 tahun,"Menurutku tantangan terbesar selama tinggal di pondok adalah menjaga kondisi mental tetap stabil di tengah jadwal yang padat. Kalau sudah terlalu lelah, rasa cemas dan gelisah lebih mudah muncul.",3,2,0,2,1,2,0,20
26/06/2026,15,Perempuan,1-3 tahun,"Tentang pertemanan, ana rasa pertemanan di pondok itu terlihat baik baik saja namun di balik dari baik baik saja itu ada sebuah circle (terbentuknya sebuah kelompok) biasa circle yang seperti ini itu banyak yang tidak ingin berbaur lagi dengan teman-teman lainnya ",1,1,1,1,1,1,1,14
27/06/2026,19,Laki-Laki,>3 Tahun,"yang paling membekas di saya itu adalah ketika saya dimusuhin satu angkatan, yaitu angkatan kakak kelas saya. saat itu saya duduk dikelas 11 dan menjadi ketua kamar untuk kelas 7. saya merasa sangat tertekan saat itu, yang di asrama sibuk dan kurang tidur mengurus anggota sedangkan ketika di luar asrama saya selalu mendapatkan hukuman dari kakak kelas. saat itu saya hanya sekedar menjalankan hidup dipesantren dan berpura-pura kuat padahal sangat ingin keluar.",3,1,2,2,3,2,2,30
27/06/2026,19,Laki-Laki,>3 Tahun,saat di tingkat akhir itu ada amaliyah tadris (praktik mengajar) itu lumayan menjadi pressure buat saya,2,1,2,2,2,1,0,20
27/06/2026,17,Laki-Laki,1-3 tahun,saat menjadi santri baru cukup sulit untuk beradaptasi dengan kegiatan yang sangat padat,1,1,2,2,2,1,2,22
27/06/2026,18,Laki-Laki,1-3 tahun,"ketika pindah kamar dari anak baru ke anak lama itu menyebalkan kerena harus beradaptasi lagi dengan anak yang sudah lebih lama, mereka orang yang sangat asal dan jorok.",2,1,2,2,1,1,0,18
27/06/2026,19,Laki-Laki,1-3 tahun,"cukup melelahkan menjadi pengurus asrama, karena sangat kurang tidur.",3,1,1,1,2,2,0,20
27/06/2026,17,Laki-Laki,<1 Tahun,sebagai santri baru kaget dengan kehidupan di pesantren karena semuanya harus serba cepat dan kegiatan yang sangat padat.,2,1,2,2,2,0,0,18
27/06/2026,17,Laki-Laki,>3 Tahun,"biasa saja dengan pelajaran dan hafalanya, hanya saja saya sangat tidak suka dengan senioritasnya.",1,1,1,1,1,2,1,16
27/06/2026,18,Laki-Laki,1-3 tahun,saya sangat benci di hitung saat sedang bersiap siap atau saat sedan berangkat masjid dan sekolah,2,1,2,2,2,2,0,22
27/06/2026,17,Perempuan,>3 Tahun,kesel bgt kalo cucian ilang pas lagi dijemur.,1,2,1,1,1,3,0,18
27/06/2026,17,Laki-Laki,<1 Tahun,saya sangat benci ketika hanya satu yang salah tapi semua ikut dihukum,2,1,1,2,2,2,0,20
28/06/2026,17,Laki-Laki,<1 Tahun,yang ga ikut buat salah ikut kena hukum juga.,2,0,1,1,2,1,0,14
28/06/2026,18,Laki-Laki,1-3 tahun,"ga enak bgt kalo lagi sakit sering dikira boongan, karena gara-gara banyak yang pura pura biar ga sekolah.",3,1,1,2,3,1,2,26
28/06/2026,17,Laki-Laki,<1 Tahun,takut ga bisa ngikutin pelajaran karena cepet dan banyak bgtt yang harus dihafal dan dipelajarin.,2,2,1,1,2,2,0,20
28/06/2026,17,Laki-Laki,<1 Tahun,"lebih boros karena makananya kurang cocok, jadi saya sering jajan ",1,0,1,1,1,2,0,12
28/06/2026,17,Laki-Laki,<1 Tahun,temen yang asal suka minjem dan naro barang sembarangan,2,3,1,1,1,3,0,22
28/06/2026,20,Laki-Laki,>3 Tahun,di tingkat akhir sebenernya udah tenang tapi ada satu yang bikin paling bikin kesel itu absen malem terus ustadz nya ngomel ngomel.,3,2,0,0,1,1,0,14
28/06/2026,16,Laki-Laki,<1 Tahun,Sedih melihat orang tua harus menempuh perjalanan jauh berjam-jam cuma untuk menjenguk sebentar.,2,0,1,1,1,0,3,16
28/06/2026,17,Perempuan,1-3 tahun,"Susah banget nabung karena selalu diajakin patungan jajan, padahal uang saku udah mepet parah.",1,2,0,1,1,2,0,14
28/06/2026,16,Perempuan,1-3 tahun,"Capek banget ngadepin drama circle-circle-an di asrama. Berantem gara-gara hal sepele, diem-dieman seminggu satu kamar.",1,1,1,2,2,2,2,22
28/06/2026,16,Perempuan,<1 Tahun,"Sering ngomong sendiri dalem hati, ""Ngapain sih gue di sini?"" pas lagi capek-capeknya sama rutinitas.",2,2,2,2,2,1,3,28
28/06/2026,17,Laki-Laki,1-3 tahun,Libur panjang atau Idul Adha nggak dikasih pulang. Shalat Ied di pondok sambil nahan air mata gara-gara inget sate kambing di rumah.,1,3,1,1,1,2,3,24
28/06/2026,16,Laki-Laki,1-3 tahun,"Sebel sama senior yang gila hormat. Kalau kita nggak nunduk pas lewat, langsung diteriakin atau dipanggil.",2,1,1,1,2,2,0,18
28/06/2026,16,Laki-Laki,1-3 tahun,punya hutang botak karena saya udah botak.,1,2,1,1,2,2,0,18
28/06/2026,19,Laki-Laki,>3 Tahun,"Nilai ujian sekolah umum hancur karena nggak ada waktu buat belajar, semua waktu abis buat kegiatan pondok.",3,1,2,1,2,1,2,24
28/06/2026,17,Laki-Laki,1-3 tahun,"Temen yang pelit banget minjemin barang, tapi kalau dia butuh barang kita, langsung ngambil aja nggak pake nanya.",1,2,0,1,1,2,1,16
28/06/2026,17,Laki-Laki,1-3 tahun,"Punya temen sekamar yang joroknya nauzubillah. Bau kaki, baju kotor diselipin di bawah kasur.",1,2,0,0,1,1,0,10
28/06/2026,16,Laki-Laki,1-3 tahun,"Celana dalem ilang di jemuran itu aneh, bingungnya juga dapet. Siapa coba yang mau ghosob begituan?",1,2,0,0,0,2,0,10
28/06/2026,16,Laki-Laki,<1 Tahun,"Harus selalu fake smile bilang ""Aku betah kok, Ma"" pas orang tua nelpon, padahal aslinya lagi hancur berantakan pengen minta pulang.",3,3,2,2,3,1,2,32
28/06/2026,19,Laki-Laki,>3 Tahun,Dibangunin tahajud sama bagian keamanan dipukul-pukul kasurnya pakai sapu lidi sambil diteriakin. Kagetnya bikin linglung mau marah tapi ga bisa.,3,1,1,0,2,0,0,14
28/06/2026,17,Laki-Laki,1-3 tahun,"Pas lagi mules-mulesnya di WC jongkok, tiba-tiba air di bak habis dan keran mati. Tragedi asrama yang paling mengerikan sepanjang masa.",1,1,0,1,1,2,0,12
28/06/2026,19,Laki-Laki,1-3 tahun,"Kena maag gara-gara makan nggak teratur dan stres mikirin ujian, tapi kalau ke bagian kesehatan cuma dikasih obat ijo.",3,1,1,1,1,1,2,20
28/06/2026,18,Perempuan,1-3 tahun,"Baru naruh jemuran seragam sebentar, eh pas ditinggal balik udah pindah ke tanah gara-gara digeser orang. Terpaksa nyuci ulang sambil ngomel dalem hati.",1,1,0,0,1,2,0,10
28/06/2026,16,Laki-Laki,<1 Tahun,"Nyari sandal jepit pas mau pulang dari masjid tuh susahnya minta ampun. Berangkat pakai warna hijau, pulangnya terpaksa pakai biru beda sebelah karena ilang.",1,2,0,0,1,3,0,14
28/06/2026,17,Laki-Laki,1-3 tahun,"Kamar pengap banget kalau siang bolong.Tidur keringetan, bangun-bangun lepek semua satu kamar.",2,0,0,0,1,2,0,10
28/06/2026,18,Laki-Laki,1-3 tahun,"Kasur asrama tuh tipis banget, lama-lama kerasa langsung papannya. Punggung auto jompo tiap bangun tidur.",3,1,0,1,1,2,0,16
28/06/2026,17,Laki-Laki,<1 Tahun,"Sumpah, paling males kalau kebangun jam 4 pagi dan lihat deretan ember antrean di depan kamar mandi udah panjang banget.",1,2,0,1,1,2,0,14
28/06/2026,19,Laki-Laki,>3 Tahun,"Ngerasa kehilangan masa remaja yang normal. Temen-temen SMP/SMA di luar pada asik nongkrong, aku cuma muter tasbih di teras masjid tiap sore.",1,2,1,1,2,2,1,20
28/06/2026,19,Laki-Laki,>3 Tahun,Cemas mikirin masa depan. Insecure takut kalau ijazah pondok atau sekolah agama kurang laku pas mau daftar kuliah jurusan umum nanti.,2,2,1,1,2,1,1,20
28/06/2026,17,Laki-Laki,1-3 tahun,"Nyesek banget pas dituduh ngelakuin pelanggaran yang nggak kita lakuin, tapi pengurus nggak mau denger penjelasan dan kita tetep dihukum.",1,3,1,1,2,2,1,22
28/06/2026,18,Laki-Laki,1-3 tahun,"Dipaksa ikut kerja bakti angkat-angkat barang pas kondisi badan lagi gak fit, tapi nggak berani nolak karena takut dikira manja.",1,2,1,1,1,2,2,20
28/06/2026,16,Laki-Laki,<1 Tahun,"Orang tua ngejenguk cuma sebentar banget karena perjalanannya jauh dan peraturannya ketat. Pas mobil mereka mulai jalan pulang, dada rasanya kosong banget.",2,1,1,2,1,1,2,20
28/06/2026,17,Laki-Laki,1-3 tahun,"Nggak boleh pake kaos bebas, ke mana-mana harus pakai kemeja, sarung, atau gamis, padahal udaranya lagi gerah banget.",2,1,0,0,1,1,0,10
28/06/2026,19,Laki-Laki,1-3 tahun,"Tertekan sama beban ekspektasi orang tua di rumah yang berharap kita pulang tiba-tiba jadi anak alim bak ustadz, padahal kita masih proses dan sering bandel juga.",1,2,1,1,2,1,1,18
28/06/2026,19,Laki-Laki,1-3 tahun,Disidang depan angkatan sama kakak kelas,2,1,1,1,1,2,0,16
28/06/2026,20,Perempuan,>3 Tahun,"Tapi jujur, hal yang paling bikin emosional adalah momen kelulusan. Sebenci apa pun sama rutinitas dan aturannya, berat banget rasanya membayangkan harus berpisah sama temen-temen seperjuangan yang udah ngelewatin semua penderitaan ini bareng-bareng.",1,1,0,0,1,0,3,12
28/06/2026,17,Laki-Laki,1-3 tahun,"Pas lagi mules-mulesnya di WC jongkok, tiba-tiba air di bak habis dan keran mati. Tragedi asrama yang paling mengerikan sepanjang masa.",1,1,0,1,1,1,0,10
29/06/2026,24,Laki-Laki,>3 Tahun,"Sabar,, sabar dalam segala hal, kontrol pikiran dn emosional, . Dri sang pengajar(muallim), pertemanan, dn menuntut ilmu itu sendiri, krn pondok adalah tmpt belajar, belajar dri segalanya, komunitas, kemasyarakatan, sosial, kekompakan, . Ujian paling berasa yaitu sabar mengelola emosi kita, ego, dn pikiran dlm lingkungan pondok dgn mengambil semua pelajaran kehidupan di dalam dunia pondok pesantren.",2,2,2,0,0,0,2,16
30/06/2026,13,Laki-Laki,>3 Tahun,"seperti hafalan, teman² dikarenakan mereka bermainnya secara berlebihan, perasaanku dan membuat fisikku lemah",2,1,3,3,3,2,2,32
30/06/2026,14,Laki-Laki,<1 Tahun,Lingkungan dan peraturan yg ruwet,2,2,0,2,2,2,0,20
04/07/2026,17,Laki-Laki,1-3 tahun,"Lumayan capek juga kegiatannya full, pengen cepet-cepet rebahan di kasur.",2,0,0,1,1,1,0,10
04/07/2026,16,Laki-Laki,1-3 tahun,"Tegang dikit sih pas nunggu giliran setoran hafalan, takut tiba-tiba nge-blank padahal tadi udah hafal.",1,1,0,1,1,1,0,10
04/07/2026,16,Laki-Laki,1-3 tahun,"Kadang agak males sih kalau mau mandi pagi antreannya lumayan panjang, harus sabar nunggu 10 menitan.",1,2,0,0,1,0,0,8
04/07/2026,16,Laki-Laki,1-3 tahun,"Kalau jadwal lagi padet banget, kadang ngerasa kewalahan dikit ngatur waktu buat istirahat siang.",2,0,0,1,3,1,0,14
04/07/2026,15,Laki-Laki,<1 Tahun,"Agak susah santai rebahan kalau belum kelar ngerjain tugas, bawaannya pengen cepet diselesaiin dulu.",2,1,0,0,2,1,0,12
04/07/2026,17,Laki-Laki,1-3 tahun,"Lumayan sebel liat ada baju kotor temen numpuk di pojok kamar, walau akhirnya aku geserin juga sih biar rapi.",1,2,0,0,1,1,0,10
04/07/2026,16,Laki-Laki,1-3 tahun,Suka geregetan kalau temen sekamar dibangunin subuh susah banget,1,3,0,0,1,1,0,12
04/07/2026,16,Laki-Laki,1-3 tahun,"deg degan terus tiap masuk kelas mapel nahwu, takut tiba-tiba ditunjuk ustadz buat disuruh jelasin tugas di depan kelas.",1,1,2,2,2,1,1,20
04/07/2026,15,Laki-Laki,<1 Tahun,"Sering banget ngerasa gelisah pas malem, bolak-balik posisi tidur tetep aja susah merem karena kepikiran jadwal besok.",3,2,1,2,2,1,1,24
04/07/2026,16,Laki-Laki,1-3 tahun,"Otak nggak pernah bisa istirahat, biarpun lagi makan siang tetep aja kepikiran hafalan juz yang masih kurang banyak.",3,2,1,2,3,1,0,24
04/07/2026,16,Laki-Laki,1-3 tahun,"Gelisah mikirin sisa uang jajan yang udah nipis, bikin susah tidur dan kepikiran terus gimana cara bertahan sampai akhir bulan",3,2,1,1,2,1,1,22
04/07/2026,16,Laki-Laki,1-3 tahun,"keselnya minta ampun pas tau lemari diacak-acak, rasanya pengen ngumpulin anak sekamar buat diinterogasi satu-satu",2,2,1,2,3,2,1,26
04/07/2026,16,Laki-Laki,1-3 tahun,"suara sekecil apa pun di kamar bikin aku naik darah sampai pengen teriak ""DIAM!"" sekenceng-kencengnya biar mereka semua bungkam.",3,2,1,2,3,3,2,32
04/07/2026,16,Laki-Laki,1-3 tahun,sempet kesel sebentar gara-gara sendalku dipinjem temen nggak bilang-bilang untung dibalikin.,1,2,0,0,1,1,0,10
04/07/2026,17,Laki-Laki,1-3 tahun,Agak gampang kepancing emosi dikit kalo badan lagi capek terus diajak bercanda sama temen yg jayus,2,1,0,0,1,2,0,12
04/07/2026,17,Laki-Laki,1-3 tahun,"tidur saya bener-bener kacaw, baru merem dikit langsung kebangun kaget karena mimpi disidang kakak kelas, tegangnya nyampe ke bawa mimpi. dan jujur lebih ngeri disidang kakak kelas daripada sama ustadz!!!",3,1,2,2,2,2,1,26
04/07/2026,15,Perempuan,<1 Tahun,"Agak overthinking tipis kalo ditanya mufrodat atau hafalan, tapi yaudah lah gas aja ntar hapalin bentar.",1,0,0,0,1,1,0,6
04/07/2026,16,Laki-Laki,1-3 tahun,"Tegang dikit pas disuruh maju baca kitab gundul, untung semalem sempet review walau sekilas.",1,1,0,0,0,1,0,6
04/07/2026,15,Perempuan,1-3 tahun,"Bawaannya pengen cepet-cepet weekend aja, biar bisa agak slow down dari rutinitas yang padet merayap ini.",0,1,0,0,0,1,0,4
04/07/2026,14,Laki-Laki,1-3 tahun,"Agak sensi dikit pas dibangunin subuh soalnya lagi pules-pulesnya, tapi pas kena air wudu langsung ilang kok keselnya.",0,1,0,0,0,1,0,4
04/07/2026,17,Perempuan,1-3 tahun,"jadi korban bullying di kelas padahal aku ga punya salah apa apa sama mereka, ga ada sentuhan fisik sih tapi denger ledekan mereka bikin sakit hati bgtt ",1,3,1,2,2,3,3,30
04/07/2026,16,Laki-Laki,1-3 tahun,"Agak resah dikit nunggu kiriman uang saku belum nyampe, padahal stok jajan di loker udah kritis bgt.",1,1,0,0,0,1,0,6
04/07/2026,15,Perempuan,1-3 tahun,"Kadang ngerasa clueless bentar pas ustadz nerangin cepet banget, tapi untung temen sebelah nyatetnya lengkap.",1,1,1,0,0,0,1,8
04/07/2026,15,Laki-Laki,1-3 tahun,"Agak bete pas lagi enak-enak baca novel eh diganggu disuruh ikutan rapat angkatan, tapi yaudah deh demi solidaritas.",1,0,0,0,1,1,0,6
04/07/2026,18,Perempuan,1-3 tahun,capeeeeekkkkkkk otak fisik mental!! pengen bgt teriak kenceng2 di tengah lapangan biar stres yg bikin dada sesak ini ilang!,2,2,2,2,2,2,1,26
04/07/2026,16,Perempuan,1-3 tahun,"Lumayan geregetan pas hafalan udah di ujung lidah tapi malah nge-blank pas di depan ustadz, kocak sih ngingetnya.",1,0,0,0,1,1,0,6
04/07/2026,15,Perempuan,1-3 tahun,"kalo lagi ujian lumayan pegel juga nulis rangkuman buat ujian, pengen cepet-cepet balik kamar rebahan.",2,0,0,0,1,1,0,8
04/07/2026,16,Laki-Laki,1-3 tahun,"engga stres gimana"" pokoknya vibes malem jumat di pondok emang juara sih kalo ga ada kegiatan, tenang banget perasaanku.",1,1,0,0,0,1,0,6
05/07/2026,15,Perempuan,1-3 tahun,Kemaren-kemaren beneran deh aku nggak bisa diem. Kakiku mondar-mandir terus di depan asrama saking gelisahnya nungguin hasil sidang pengurus soal pelanggaran kamarku. Rasanya anxious dan tegang nyampur jadi satu.,2,2,2,2,3,2,1,28
05/07/2026,15,Perempuan,1-3 tahun,"Minggu kemaren batin ini rasanya gelisah nggak karuan. Saking stresnya, aku sampai nggak bisa duduk tenang pas halaqah, bawaannya pengen buru-buru berdiri terus narik napas di luar ruangan biar dada nggak terlalu sesak.",2,2,2,3,2,2,2,30
05/07/2026,14,Perempuan,1-3 tahun,"Bersyukur banget aku nggak nyerah minggu lalu. Waktu itu beneran kewalahan tingkat dewa, ngerjain tugas sambil nangis sesenggukan karena rasanya ekspektasi ustadz dan orang tua terlalu berat buat aku pikul sendirian.",2,2,3,2,2,1,2,28
05/07/2026,14,Laki-Laki,1-3 tahun,"Kemaren pas lagi banyak-banyaknya masalah organisasi pondok, dadaku sesak banget nahan panik. keteteran parah sampai aku sering linglung kalau dipanggil temen sama ustadz, karena isi kepala udah full nggak bisa mikir jernih.",3,1,1,2,3,2,1,26
05/07/2026,14,Perempuan,1-3 tahun,"Ingat kejadian ituu bikin aku kasihan sama diriku sendiri. Saking banyaknya tekanan kegiatan pondok, aku sampai gemeteran nulis catetan di kelas. Badan rasanya udah nolak banget buat nerima tugas baru 🤧🤧",3,2,2,2,3,2,1,30
05/07/2026,14,Laki-Laki,1-3 tahun,"Untung fase berat kemaren udah kelar. Kalau inget gimana aku panik sejadi-jadinya pas nyiapin materi kultum dadakan, rasanya jantungku masih berdebar kencang saking kewalahannya ngadepin ekspektasi orang banyak.",2,2,3,2,3,1,1,28
05/07/2026,14,Laki-Laki,1-3 tahun,yang bikin stres dan capekk bgtt tuh setiap hari dikumpulin diomellin sama ustadz pengurus karena ada aja yang ngelanggar terus dihukum seangkatan hadeuhhh aneh aneh,3,2,1,1,3,2,1,26
05/07/2026,18,Perempuan,1-3 tahun,"minggu lalu mood aku bener-bener kacaw bgttt karena dipanggil terus sama ustadz ustadzah buat ngurus kegiatan. Denger adik kelas ngobrol agak keras dikit aja, bawaannya pengen aku tegur pakai nada tinggi. Maaf ya adek-adek, kemaren kakak lagi stres banget batinnya.",3,3,1,2,2,2,1,28
05/07/2026,14,Laki-Laki,1-3 tahun,"kadang suka kepikiran jadwal setoran surat baru. Badanku rasanya lumayan pegel pengen rebahan total, tapi alhamdulillah pas setoran lancar jaya.",1,0,0,1,1,1,0,8
05/07/2026,15,Laki-Laki,1-3 tahun,"Pas lagi di puncak stresnya, denger ustadz nerangin materi dengan tempo lambat aja rasanya geregetan pengen jamnya cepet selesaii, karena badan lagi lemes bgtt lagi drop ga bisa istirahat di bakes (bagian kesehatan) kata mantri nya gapapa terus dikasi obat benci bgttt.",3,2,1,2,3,2,1,28
05/07/2026,19,Laki-Laki,1-3 tahun,"Baru ngerasain yang namanya gelisah sampai bikin perut melilit tuh ya pas nungguin ustadz dateng buat amaliyah tadris (praktik ngajar) bener-bener bikin keringat dingin bercucuran, aku bolak-balik ke toilet saking tegang dan resahnya.",2,2,3,3,2,2,1,30
05/07/2026,15,Perempuan,1-3 tahun,"Relate banget sama kata-kata mental breakdown. Minggu lalu pas try out berturut-turut, aku sampai ngerasa sesak napas beneran di dalem kelas karena tekanan buat dapet nilai bagus itu nyiksa banget.",3,2,2,2,2,1,2,28
05/07/2026,17,Laki-Laki,1-3 tahun,"Akhirnya bisa ngelewatin masa jadi pengurus. Literally mentalku ngerasa capekkk banget, jadwal dari jam 4 pagi sampai 11 malem non-stop. Rasanya kayak ditimpa beban berton-ton badan bener bener remuk sampai susah buat napas lega.",3,2,2,1,3,3,1,30
05/07/2026,17,Perempuan,1-3 tahun,"sempet nangis sendiri di kamar mandi gara-gara saking keselnya nahan emosi. banyak banget miss communication sama pengurus, dan karena aku lagi capek parah, rasanya pengen marah tapi cuma bisa nangis saking sesaknya",2,2,3,3,2,2,3,34
05/07/2026,15,Laki-Laki,1-3 tahun,"pernah tiga hari berturut-turut kemaren tidurku hancur lebur, baru merem bentar udah kaget kebangun karena alam bawah sadarku masih tegang mikirin hukuman dari bagian keamanan.",3,1,2,2,3,2,1,28
05/07/2026,15,Perempuan,1-3 tahun,"Masa-masa remedial kemaren tuh beneran bikin mentalku capek stadium akhir. Saking tegangnya nunggu giliran dipanggil, kakiku sampai lemes dan perutku mual banget pengen muntah saking nervous-nya.",2,3,3,2,2,1,1,28
05/07/2026,18,Laki-Laki,1-3 tahun,pernah aku sampai demam sama meriang tiba-tiba saking tegangnya ngurusin acara. fisikku beneran ngerespon stresnya se-ekstrem itu.,3,2,2,2,3,2,2,32
05/07/2026,14,Perempuan,1-3 tahun,"Kemaren-kemaren rasanya mau nangis aja saking badanku nolak buat rileks. Walaupun ustadzah udah ngasih waktu kosong buat istirahat, dadaku tetep kerasa sesak kayak ada batu besar yang neken karena pressure target pondok.",2,2,3,2,2,1,2,28
05/07/2026,14,Perempuan,1-3 tahun,"Rutinitas dari Senin sampai Kamis kemaren bener-bener bikin badan pegal dan agak bosen, pas akhirnya ketemu hari Jumat rasanya bahagia banget bisa rebahan agak lama.",1,0,0,0,1,1,1,8
05/07/2026,14,Laki-Laki,1-3 tahun,"sempet ngerasa kurang istirahat dan susah rileks pas jam kosong, tapi karena sekarang udah masuk minggu tenang, vibes nya udah balik santay lagi.",1,0,0,0,1,1,0,6
05/07/2026,14,Laki-Laki,1-3 tahun,"pas latihan pidato bahasa Arab muhadhoroh, aku sempet tegang banget pas nunggu giliranku dipanggil. Tangan sampai keringetan dingin dikit pegang teksnya, tapi pas udah di panggung ternyata berjalan lumayan mulus",1,2,1,0,1,0,0,10
05/07/2026,14,Perempuan,1-3 tahun,"capeknya nggak cuma fisik, tapi udah tembus ke batin. tiap liat jadwal tempel di lemari, rasanya perutku diaduk-aduk saking panik dan kewalahannya ngatur waktu yang kayaknya kurang dari 24 jam sehari.",3,1,2,2,2,1,2,26
05/07/2026,18,Perempuan,1-3 tahun,"aku pernah ngerasa bener-bener di titik limit ngeliat tumpukan seragam kotor, buku pelanggaran, dan target hafalan yang belum checklist, mentalku langsung drop parah sampai rasanya pengen pingsan aja biar bisa istirahat 🤧",3,2,2,2,2,1,2,28
05/07/2026,14,Perempuan,1-3 tahun,puncaknya stres aku sampai demam sama meriang tiba-tiba saking tegangnya karena ngurusin acara fisikku beneran ngerespon stresnya seekstrem ituuu!?!?!? 🫠🫠🫠,3,2,2,2,2,1,2,28
05/07/2026,14,Perempuan,1-3 tahun,"Beberapa hari aku sampe ngomel ke adek kelas gara2 dia nanya hal simple doang, pdhl ga salah dia. Abis itu baru sadar kok aku jd gampang bgt naik darah ya. Mungkin krn jadwal ngapal + piket + belajar utk ujian umum brtabrakan semua, jadi tiap ada gangguan dikit langsung meledak emosinya.",2,3,1,2,3,2,1,28
05/07/2026,14,Perempuan,1-3 tahun,"Ok jujur ya, minggu ini tuh bener"" semua numpuk hafalan, ujian, piket, plus surat dr rumah yg bikin kepikiran. Efeknya aku jd org yg gampang bgt kesel, misal dikit2 keganggu sm suara berisik temen sekamar pdhl biasanya cuek aja. Rasanya kek gasabar mau semuanya cepet kelar aja, & susah bgt nemuin momen bener2 tenang walau udh coba berkali2.",2,3,2,2,3,2,1,30
05/07/2026,14,Perempuan,1-3 tahun,"banyak kegiatan tambahan dadakan pas udh capek seharian, trs pas ada yg protes dikit aku jd gampang defensif & ketus. Padahal biasanya bukan tipe yg gitu, tp beban lg numpuk bgt jd gampang kepancing emosi.",2,3,1,2,2,3,1,28
05/07/2026,15,Laki-Laki,1-3 tahun,"mondok tuh seru jujur, ya tapi ada aja sih yang bikin kesel hehe. 24/7 bareng temen temen tuh banyak bgt feel nya kaya seneng sedih tuh campur aduk bgt, harus ngertiin perasaan orang, yaa kalo kata pengurus mondok tuh miniatur kehidupan.",2,0,0,0,2,1,2,14
05/07/2026,14,Laki-Laki,1-3 tahun,"ane pribadi masuk pesantren sih disuruh orang tua yaa, jadi ada lah awal awal stres dikit mah karena adaptasi sama padetnya kegiatan pondok tapii so far ane banyak bgt belajar di pesantren, jadi lebih mandiri, cekatan masih banyak lagi deh, tapi pas awal awal di jenguk ane nahan nangis wkwkwk",2,0,0,0,1,1,3,14
05/07/2026,14,Laki-Laki,1-3 tahun,"masa awal awal stres bgtt itu pindah ke gedung anak lama jadi gabung kamar sama anak lama juga yg dimana mereka itu ngasal bgt orang oranya maen ambil barang tanpa izin, gamau piket, jorok. kesel bgt rasanya tapi cuma ane pendem aja, lagian anak lama harusnya lebih bersih lah dan ngerti caranya bersosialisasi, terus ga bisa tidur karena di ranjangnya banyak bagt bakot atau tumbila alisa kutu kasur",3,2,1,1,3,2,1,26
05/07/2026,14,Perempuan,1-3 tahun,"Gak tau kenapa akhir-akhir ini gampang bgt kesulut emosi. Kemarin cuma gara-gara temen sekamar lupa gantian piket, aku langsung ngomel panjang lebar, padahal biasanya santai aja. Abis itu nyesel sendiri tapi pas lagi kejadian rasanya kayak semua di badan tegang, susah banget buat rileks meski udah rebahan. Jadwal ngapalin juz baru + ujian mendadak minggu ini bikin kepala penuh terus, kayak gak ada jeda buat napas.",2,3,1,2,3,3,1,30
05/07/2026,14,Perempuan,1-3 tahun,"Setoran hafalan numpuk krn kemarin sempet sakit jadi ketinggalan, terus ustadzah bilang harus dikejar sebelum akhir bulan. Aku jadi gampang banget marah ke hal kecil, kayak kemarin cuma krn antrian kamar mandi rada lama aja rasanya udah pengen teriak. Padahal biasanya aku sabaran org nya:( sekarang mah dikit² kesel sendiri.",2,3,1,2,2,3,2,30
05/07/2026,14,Laki-Laki,1-3 tahun,"yang jadi problem tuh kakak"" kelas yang sangat sok berkuasa atas adik kelasnya, jadi yang aslinya cemen pun bisa berkuasa kalo udah kelas yang paling tinggi. ana sendiri yang jadi korban penindasan kakak"" kelas yang sok itu",2,3,2,1,2,2,1,26
05/07/2026,14,Perempuan,1-3 tahun,"Duh jujur stres bgt akhir² ini, tiap malem susah tenang walau udah coba tidur cepet. Badan tuh berasa siaga terus kayak gak bisa off, pdhl otak juga capek. Kena tegur pengurus krn telat masuk kelas doang aja rasanya udah bikin emosi naik turun ga jelas, padahal biasanya cuma diketawain temen² doang.",3,2,1,2,3,2,2,30
05/07/2026,14,Perempuan,1-3 tahun,"jadi ceritanya pernah tuh padet parah, ada lomba MTQ plus ujian tahfidz bareng, plus piket dapur... semua numpuk jd satu waktu ana jd org yg gampang ilfeel kesel ke hal sepele, misal cuma krn adzan telat nyala speaker aja bisa bikin bete seharian... susah bgt buat tenang walau lagi di waktu istirahat sekalipun",3,2,2,2,3,2,1,30
05/07/2026,15,Perempuan,1-3 tahun,"Ini agak malu ceritanya tp yaudah, pernah sempet ngambek ke temen sekamar krn dia nyalain lampu pas aku lg coba tenangin diri stlh seharian penuh kegiatan. Padahal itu hal wajar dia mau belajar malem. Tp aku ngerasa semua jd annoying bgt akhir2 ini, kek gampang bgt jengkel walau sbnrnya masalahnya kecil doang.",1,3,1,1,2,3,3,28
05/07/2026,14,Perempuan,1-3 tahun,"Duh minggu lalu bener"" rollercoaster bgt Ujian lisan setoran hafalan, kajian tambahan terus tugas sekolah umum numpuk semua ak jd org yg gampang bgt meledak klo ada yg ganggu konsentrasi, misal temen ngobrol dikit pas lg hafalan langsung ilfeel parah kaya jaus bgt padahal biasanya aku ga segitunya susah bgt rasanya nemuin momen bener2 tenang walau udh waktu istirahat",2,3,1,2,3,3,1,30
05/07/2026,14,Perempuan,1-3 tahun,"Cerita beberapa hari lalu deh, waktu itu abis ditegur ustadz krn telat setor hafalan, abis itu tiap ada yg negur dikit ttg apapun rasanya langsung defensif & gampang marah. Sampe ke temen deket pun jd gampang bete. Rasanya badan tuh kayak siap ""tempur"" mulu, susah bgt buat bener2 santai walau lg free time.",2,3,1,2,2,3,1,28
05/07/2026,14,Laki-Laki,1-3 tahun,"sejauh ini masih aman sih, paling bete gara"" kena jasus terus....",2,1,0,1,2,0,0,12
06/07/2026,14,Laki-Laki,1-3 tahun,lagi emosional bgt dapet kabar mama lagi sakit setiap selesai sholat nangis diem diem pas mau tidur juga soalnya ga diizinin pulang sama bagian pengasuhan,2,3,1,2,3,1,3,30
06/07/2026,13,Laki-Laki,1-3 tahun,sendal baru beli masa hilang lagii mana sendal mahal,1,2,0,0,1,2,0,12
06/07/2026,14,Laki-Laki,1-3 tahun,lupaa lepas jam tangan pas tidur malah disita sama pengurus sepele bgtt padahal,1,1,0,0,1,1,0,8
06/07/2026,13,Laki-Laki,1-3 tahun,sebel bgt ga diizinin pulang padahal ana lagi scabies dan itu udah parah bgtt sampe badan lemes makan juga susah karna ada yg kena ditangan.... mana ayah udah dateng jemput kan kasian jauh jauh,3,2,1,2,2,2,2,28
06/07/2026 13:05:23,14,Laki-Laki,1-3 tahun,"Beberapa hari lalu aku sempet ngerasa napas rasanya berat bukan krn sakit tp krn kepikiran byk hal sekaligus hafalan, jadwal ujian, sm tuntutan biar rajin. Efeknya jd gampang bgt tersinggung sm komen2 kecil dr temen, pdhl mereka cuma bercanda doang. Susah move on dr rasa kesel itu walau udh coba tenang.",2,3,2,3,2,2,2,32
06/07/2026 13:06:47,14,Laki-Laki,1-3 tahun,"lg struggle bgt sm jadwal ujian tahfidz minggu ini rasanya tiap ada yg ganggu waktu belajar dikit aja langsung emosi naik, misal temen ngobrol pas lg fokus, langsung ilfeel parah trs jg jd susah tidur nyenyak krn otak msh muter mikirin ayat yg blm lancar bgt.",3,3,1,2,2,2,1,28
06/07/2026 13:08:21,14,Laki-Laki,1-3 tahun,"sempet berantem kecil sm temen sekamar gara2 hal sepele dia pinjem barang tanpa izin, pdhl biasanya aku ga sesensitif itu tp krn lg byk pikiran soal setoran hafalan trs tugas kelas, jd hal kecil kerasa gede bgt & bikin emosi cepet naik.",2,3,1,2,3,1,1,26
06/07/2026 13:10:34,13,Laki-Laki,1-3 tahun,"pelajaran lagi enak alurnya, ustadz nya juga jelasinya enak",1,0,0,0,0,1,0,4
06/07/2026 13:13:47,17,Laki-Laki,1-3 tahun,"dapet tugas tambahan dari kakak kelas karna ada program tahajud bareng di masjid, ana kan pengurus kelas 7 jadi ana yang di tunjuk jadi pj nya buat kelas 7, jujur kurang istirahat bgtt tidur paling cuma 2 jam... jadi di kelas ketiduran trs diomelin ustadz pengen mundur aja rasanya jadi pengurus, semuanya jadi kacaw bener bener...",3,2,1,2,3,2,1,28
06/07/2026 13:15:37,14,Perempuan,1-3 tahun,"lg gampang bgt ilfeel akhir2 ini, dikit2 kesel walau ga ada alesan jelas kyk kemarin pas antri makan agak lama dikit aja udh bete parah kayaknya krn seminggu ini byk banget kegiatan tambahan yg numpuk jd bikin susah nemuin waktu bener2 tenang.",3,3,1,1,3,2,1,28
06/07/2026 13:17:27,14,Perempuan,1-3 tahun,"minggu ini tuh ujian umum, hafalan trs laporan mingguan barengan smua efeknya aku jd org yg gampang bgt tersulut, misal temen nanya soal pr doang aja bisa bikin aku jawab ketus abis itu nyesel tp emosinya emang lg gampang naik akhir2 ini.",2,3,1,2,3,2,1,28
06/07/2026 13:20:39,14,Perempuan,1-3 tahun,"klo lagi di titik jenuh bgt rasanya aku jd gampang bgt bete sm suara2 kecil di kamar, kek suara kipas atau org ngobrol pelan aja bisa bikin risih parah padahal biasanya ga peka gitu kayaknya krn byk pikiran soal ujian yg makin deket jd semua jd trigger emosi.",2,3,1,2,3,2,2,30
06/07/2026 13:22:31,14,Laki-Laki,1-3 tahun,aman sih cuma kalo lagi pas hilang atau lupa taro uang itu kepikiran trs,2,1,0,1,1,1,0,12
06/07/2026 13:24:35,14,Perempuan,1-3 tahun,"pas seminggu sblm libur stres bgt krn hrs setor hafalan tambahan sblm libur, blm lagi laporan mingguan yg blm kelar aku jd gampang bgt kesel sm hal2 yg biasanya ga masalah, misal temen minta tolong dikit aja rasanya berat bgt buat iyain, jd suka jawab ketus duluan.",2,3,1,2,3,2,0,26
06/07/2026 13:28:11,14,Perempuan,1-3 tahun,"pernah aku sadar diriku jd lebih julid dalem hati ke org2 sekitar, pdhl mereka ga salah apa2 kayaknya krn byk bgt beban pikiran soal ujian sama hafalan yg numpuk, jd energi sabar tuh abis duluan sblm hal2 kecil kejadian.",1,3,1,2,2,3,1,26
06/07/2026 13:30:10,14,Perempuan,1-3 tahun,"byk kegiatan tambahan pas ujian umum jg lg deket jadi tiap ada gangguan dikit pas lg belajar, rasanya langsung meledak emosinya kmrn sampe ngomel ke temen krn dia bercanda deket aku pas aku lg coba fokus.",2,3,1,1,3,2,1,26
06/07/2026 13:33:37,14,Laki-Laki,1-3 tahun,"lagi ga ada yg bikin stres sih, cuma lagi males nyuci baju putih aja hehe...",1,1,0,0,1,1,0,8
06/07/2026 13:36:47,14,Perempuan,1-3 tahun,"kl lg fase gampang bgt sensi ke sekitar dikit2 kesel sm suara berisik, sm org yg ngomong kelamaan, sm hal2 yg biasanya cuek aja kayaknya krn seminggu ini padet bgt jadwal, otak jd susah istirahat walau lg duduk santai.",2,3,1,2,3,2,1,28
06/07/2026 13:38:50,14,Perempuan,1-3 tahun,"ana sempet ngerasa mau nangis krn kesel bukan krn sedih, tp krn frustasi hafalan yg ga masuk masuk pdhl waktunya makin mepet jd gampang bgt marah ke diri sendiri sama ke org sekitar yg sbnrnya ga salah apa apa.",2,3,1,2,3,2,1,28
06/07/2026 13:47:08,14,Perempuan,1-3 tahun,sebenernya nilainya udah bagus sihh nyesel aja kurang maksimal belajarnya padahal dikit lagi bisa masuk 3 besar dikelas,2,2,2,2,2,2,1,26
06/07/2026 13:51:33,14,Perempuan,1-3 tahun,klo badan lagi drop trs pas bgt lagi ujian itu bener bener gatau lagi dehh stres capekkk bgt ,2,2,3,3,3,1,2,32
06/07/2026 13:56:37,14,Laki-Laki,1-3 tahun,"masuk masa masa ujian itu udah pasti stress sih, banyak bgt yang harus dipelajarin dihafalin, buat mapel umum sama kepondokan blm lagi target hafalan pikiranya udah pulang aja pasti untung untung kalo ga sakit",3,1,3,2,2,2,1,28
06/07/2026 14:05:40,14,Perempuan,1-3 tahun,"Ok ini beneran kejadian waktu itu aku ngomel ke temen sekamar krn dia nyalain lampu pas aku lg coba tenangin diri stlh capek bgt seharian. Padahal dia ga salah, tp krn emosi lg tipis bgt jd hal kecil kerasa gede.",3,3,1,1,2,2,1,26
06/07/2026 14:08:23,14,Laki-Laki,1-3 tahun,"karena ana bagian perpus abis setoran beres, nggak ada tunggakan nilai, sorenya nyantai baca buku di perpustakaan pondok bener bener fase santai yang bikin mood naik drastis.",1,0,0,0,0,1,1,6
06/07/2026 14:10:47,14,Laki-Laki,1-3 tahun,semuanya saya bawa santai sih jadi aman aman aja ,1,0,0,0,1,1,0,6
06/07/2026 14:19:58,14,Perempuan,1-3 tahun,"waktu itu yaa lupa aku kapan kejadinaya, aku jd org yg gampang bgt tersinggung sm candaan ringan, misal cuma digodain lemot doang udh bikin bete seharian padahal biasanya santai kayaknya krn byk bgt beban pikiran soal ujian yg numpuk jd sensitivitas naik drastis.",2,3,2,2,2,2,2,30
06/07/2026 14:27:27,14,Laki-Laki,1-3 tahun,"saya sangat tertekan hafalan surat surat pilihan, dan saya sulit untuk bangun pagi juga saya sering kena hukuman saat di kelas karena saya tertidur",2,1,2,2,1,2,1,22
06/07/2026 14:28:46,14,Laki-Laki,1-3 tahun,"Tentang hafalan yang selalu menekankan sampai mempermalukan, selain itu juga ya.... Kadang selalu merasa ditekan dan disalahkan setiap melakukan sesuatu, baik dirumah maupun di pondok selalu merasa disalahkan, ya... Sempet ngelukain diri sendiri sih karna ya... Bener bener udh ngga kuat, tapi berusaha kuat",1,1,1,1,0,0,0,8
06/07/2026 14:30:48,14,Laki-Laki,>3 Tahun,"Peraturan yg kadang membuat kesal emosi seperti mengungkit kesalahan yg lama.! 
Dan kadang bosan dalam hal bicara yg kurang enak di dengar. ",1,2,0,0,0,0,0,6
06/07/2026 14:33:19,14,Laki-Laki,1-3 tahun,"kaka kelas yang tak punya kode etik membuat para adik adik kelasnya tak berkutik seperti dimasukan ke dalam kotak yang sempit tak bebas bergerak memberikan ide ide yang cerdik inspiratif dan cantik hingga terhempit sulit memberikan ide kreatif yang menarik karena hanya ingin dilirik paling menarik yaa walaupun tidak semuanya 100% seperti itu, ya sekiranya 75/85% sekian titik..",2,1,2,1,2,3,2,26
06/07/2026 14:37:22,14,Perempuan,1-3 tahun,Jika kita kurang mampu memilah pertemanan maka bisa jadi kita masuk kelingkungan pertemanan yg toxic jikalau peraturan sekedar tdk boleh memakai sendal dikarenakan takut mengurangi penyakit yg tidak diingin kan tpi apakah pantas jika dihukum hanya melepas sepatu karna hujan setelah sekolah,3,2,3,3,3,1,2,34
06/07/2026 14:41:42,14,Perempuan,1-3 tahun,"pas nyoba ngapal ayat yg ga masuk2 pdhl udh diulang berkali2 rasanya byk bgt tekanan buat cepet lancar, jd emosi jd gampang bgt naik krn hal itu aku sampe nangis krn kesel",2,3,2,2,2,2,2,30
06/07/2026 14:48:31,14,Perempuan,1-3 tahun,"ana pernah banting pulpen pas ujian krn ga sabar ngerjain soal yg susah bgt, pdhl biasanya sabar rasanya semua serba pengen cepet kelar, ga sabaran bgt akhir2 ini krn byk hal numpuk bareng waktu yg sama.",2,3,2,3,3,2,0,30
06/07/2026 14:53:09,14,Perempuan,>3 Tahun,"Karena tekanan pergaulan yg tdk terkontrol oleh BPDS. Klo tentang hafalan tdk dipermasalahkan. peraturan BPDS putri beda dengan BPDS putra yg menyebabkan tidak terlaksananya panca jiwa pondok yg ke-5. Antrean kurang tertib. Kangen rumah itu wajar, tp tdk dipermasalahkan.",3,1,2,2,2,0,3,26
06/07/2026 14:57:22,14,Laki-Laki,>3 Tahun,"Untuk hafalan tidak terlalu membebani bagi saya karena itu hal yang wajar bagi seorang santri dan begitupun peraturan bagaimana dari diri kita sendiri saya pribadi indisipliner akan tetapi jika terkena hukuman itu adalah konsekuensi yang saya terima dengan berprinsip ""Berani berbuat,Berani bertanggung jawab"".",2,0,0,0,0,0,0,4
06/07/2026 15:02:11,14,Perempuan,1-3 tahun,"sempet jd org yg gampang bgt tersinggung sm hal2 sepele, kek temen bilang ""buruan dong"" doang udh bikin bete parah kayaknya krn byk bgt tekanan soal hafalan yg blm lancar bikin sensitivitas naik drastis akhir2 ini.",2,3,1,2,2,2,2,28
06/07/2026 15:05:00,14,Perempuan,1-3 tahun,"deket deket waktu ujian byk kegiatan dadakan, aku jd susah bgt sabar nunggu antrian apapun, kek antri kamar mandi doang aja bisa bikin gregetan parah, padahal biasa aja soal ginian.",2,3,2,2,3,3,1,32
06/07/2026 15:07:41,15,Laki-Laki,1-3 tahun,"Saya terkadang suka heran dengan teman saya yg sangat mudah saat hafalan, sedangkan saya sangat menghafal agak kesulitan apa lagi menjaga hafalan itu hall yg paling beratt terimakasih ",1,1,0,0,0,0,0,4
06/07/2026 15:09:33,14,Laki-Laki,1-3 tahun,"Setelah setahunnn saya di pondokk tertekan hanya merasa kangenn terhadap rumah,selepas ituu barulah kehidupan pondok saya jalani dengan senang hati",0,0,1,1,0,1,2,10
06/07/2026 15:11:23,14,Laki-Laki,1-3 tahun,"yang bikin saya kesel ya,ustad di pondok ngelarang kita buat rambut panjang,tpi ustadnya sendiri rambutnya panjang panjang,minimal kalo nyuruh cepak ustadnya juga cepak lah,jangan nyuruh cepak ustadnya potong samping nya doang,lagian kita juga tau ko yang mana yang rapih yang mana yang engga",1,0,1,1,1,1,1,12
06/07/2026 15:14:31,14,Perempuan,>3 Tahun,"Biasanya tentang masalah yang sedang dialami, ditambah dengan masalah yang dateng dari sisi lain. Sama terkadang dari sisi peraturan",1,2,0,1,0,0,2,12
06/07/2026 15:18:15,14,Laki-Laki,>3 Tahun,Saya merasa paling berat di pondok faktor terbesar dari peraturan yang bisa dibilang lumayan ketat dan selalu terikat selama 24 jam di pondok mulai dari bangun tidur Sampai tidur lagi ,2,1,1,0,1,1,1,14
06/07/2026 15:20:27,14,Laki-Laki,>3 Tahun,"Hafalan,seperti dari hafalan di dalam kelas seperti mutholaah atau hadist tafsir fiqh Ushul fiqh dan lain lain lalu ada hafalan di luar kelas seperti wasiqoh Qur'an dan ditambah nya lagi dengan wasiqoh bahasa,melihat teman teman yang lain bisa melewati tantangan itu dengan mudah dan bisa mengamalkannya dan tetap hafal terus,beda hal lainnya dengan diri saya,saya memang sangat lemah dalam hafalan,tapi karena ini dari peraturan pondok jadi saya tetap melakukannya,lalu adanya muhadhoroh dan muhadatsah pagi,ini cukup membuat saya lelah dan tertekan karena adanya tugas menumpuk dan disuruh untuk menulis pidato dan muhadatsah karena harus dikerjakan.",2,3,3,3,3,2,0,32
06/07/2026 15:21:46,14,Laki-Laki,>3 Tahun,Salah satunya adalah hafalan yang lumayan banyak dan juga mengantri ketika ingin sesuatu tapi dari situ saya bisa belajar apa itu kesabaran,1,0,0,0,1,0,0,4
06/07/2026 16:50:13,14,Laki-Laki,>3 Tahun,"Biasanya saya lebih ke hafalan,dan juga peraturan yang harus saya jalani selama di pondok.hafalan juga sangat banyak apalagi ketika mendekati ujian ada hafalan mufrodat dan ada juga hafalan surat surat pendek yang di dalam Al-Quran.menurut saya itu juga bisa menjadi faktor tertekan,tapi untuk stres saya tidak ada.",2,1,1,0,0,2,0,12
06/07/2026 16:54:01,14,Laki-Laki,>3 Tahun,"Hafalan sih berat banget, sama ya organisasi yang baru aja aku masuk pintunya di jenjang kls 3 ini, harus tanya sana sini lah tentang ketua kamar, duit habis buat beli makan orang lain, ditambah pusing belajar, wahh pusing banget hehe",1,3,2,2,3,3,2,32
06/07/2026 16:56:40,14,Perempuan,1-3 tahun,"beberapa hari aku sempet gebrak meja pelan krn frustasi ga bs ngapalin ayat yg susah, pdhl waktu setoran udh deket bgt. jd gampang bgt marah ke diri sendiri, sampe nyalahin diri terus2an krn ngerasa kok lama bgt sih.",1,3,2,2,2,3,1,28
06/07/2026 16:58:36,14,Laki-Laki,1-3 tahun,"kerena udah tingkat akhir bawaannya damai banget duduk di teras masjid sambil nunggu waktu ashar, nggak mikirin hal-hal berat sama sekali, pure healing.",1,0,0,0,0,1,0,4
06/07/2026 17:01:04,14,Laki-Laki,<1 Tahun,"Tentang hafalan, karena saya kalo hafalan mudah tapi menjadi yaa susah,tida seperti teman saya yg hafalan yaa cepett dan tidaknya hilang ketika pindah ke surat yg selanjutnya yaa sedang saya kalo pindah surat atau surat selanjutnya saya lupa surat yg sudah saya hafalan sebelum yaa",0,1,0,1,0,0,0,4
06/07/2026 17:05:22,14,Laki-Laki,1-3 tahun,"Selama di pondok kemarin, yang paling bikin tertekan itu jadwalnya padat banget. Kegiatan hampir seharian, dari pagi sampai malam, jadi kadang capek fisik dan pikiran, apalagi kalau lagi kurang fit.
Terus juga ada rasa kangen rumah dan keluarga, ditambah tuntutan tugas dan ibadah yang harus tetap jalan. Lama-lama sih kebiasa, tapi di awal lumayan berat.",0,1,0,0,1,1,1,8
06/07/2026 17:07:44,14,Laki-Laki,<1 Tahun,menurut ana yang paling berat tuh hapalan dan menjaga ke kosistenan serius dalam belajarnya itu susah menurut ana,0,0,1,0,0,0,0,2
06/07/2026 17:09:07,14,Laki-Laki,1-3 tahun,kadang malem tuh suka laper mau jajan tapi ga bisa ga dibolehin,1,0,0,0,0,1,0,4
06/07/2026 17:11:21,14,Laki-Laki,1-3 tahun,"Tentang hafalan yang selalu menekankan sampai mempermalukan, selain itu juga ya.... Kadang selalu merasa ditekan dan disalahkan setiap melakukan sesuatu, baik dirumah maupun di pondok selalu merasa disalahkan, ya... Sempet ngelukain diri sendiri sih karna ya... Bener bener udh ngga kuat, tapi berusaha kuat",2,3,2,2,2,1,1,26
06/07/2026 17:13:21,14,Laki-Laki,1-3 tahun,waktu olahraganya sangat sedikit jadi butuh waktu lebih lahh buat refreshing otak,1,0,0,0,0,1,0,4
06/07/2026 17:15:47,14,Laki-Laki,1-3 tahun,"menurut saya muhadatsah di waktu senin pagi tuh kurang efektif skrg hanya buat formalitas saja, mending diganti dengan kegiatan lain",2,1,0,0,1,1,0,10